broker_id,agency_name,city,broker_tier,service_rating,onboarded_date,_gold_created_at,_gold_schema_version
BRK-0001,Propiq Synthetic Agency 001,Hyderabad,Standard,3.0,2021-01-01,2026-09-17T07:56:51.424Z,propiq_gold_v1.0
BRK-0002,Propiq Synthetic Agency 002,Bengaluru,Verified,4.7,2021-01-20,2026-09-17T07:56:51.424Z,propiq_gold_v1.0
BRK-0003,Propiq Synthetic Agency 003,Pune,Premier,4.4,2021-02-08,2026-09-17T07:56:51.424Z,propiq_gold_v1.0
BRK-0004,Propiq Synthetic Agency 004,Chennai,Standard,4.1,2021-02-27,2026-09-17T07:56:51.424Z,propiq_gold_v1.0
BRK-0005,Propiq Synthetic Agency 005,Hyderabad,Verified,3.8,2021-03-18,2026-09-17T07:56:51.424Z,propiq_gold_v1.0
BRK-0006,Propiq Synthetic Agency 006,Bengaluru,Premier,3.5,2021-04-06,2026-09-17T07:56:51.424Z,propiq_gold_v1.0
BRK-0007,Propiq Synthetic Agency 007,Pune,Standard,3.2,2021-04-25,2026-09-17T07:56:51.424Z,propiq_gold_v1.0
BRK-0008,Propiq Synthetic Agency 008,Chennai,Verified,4.9,2021-05-14,2026-09-17T07:56:51.424Z,propiq_gold_v1.0
BRK-0009,Propiq Synthetic Agency 009,Hyderabad,Premier,4.6,2021-06-02,2026-09-17T07:56:51.424Z,propiq_gold_v1.0
BRK-0010,Propiq Synthetic Agency 010,Bengaluru,Standard,4.3,2021-06-21,2026-09-17T07:56:51.424Z,propiq_gold_v1.0
BRK-0011,Propiq Synthetic Agency 011,Pune,Verified,4.0,2021-07-10,2026-09-17T07:56:51.424Z,propiq_gold_v1.0
BRK-0012,Propiq Synthetic Agency 012,Chennai,Premier,3.7,2021-07-29,2026-09-17T07:56:51.424Z,propiq_gold_v1.0
BRK-0013,Propiq Synthetic Agency 013,Hyderabad,Standard,3.4,2021-08-17,2026-09-17T07:56:51.424Z,propiq_gold_v1.0
BRK-0014,Propiq Synthetic Agency 014,Bengaluru,Verified,3.1,2021-09-05,2026-09-17T07:56:51.424Z,propiq_gold_v1.0
BRK-0015,Propiq Synthetic Agency 015,Pune,Premier,4.8,2021-09-24,2026-09-17T07:56:51.424Z,propiq_gold_v1.0
BRK-0016,Propiq Synthetic Agency 016,Chennai,Standard,4.5,2021-10-13,2026-09-17T07:56:51.424Z,propiq_gold_v1.0
BRK-0017,Propiq Synthetic Agency 017,Hyderabad,Verified,4.2,2021-11-01,2026-09-17T07:56:51.424Z,propiq_gold_v1.0
BRK-0018,Propiq Synthetic Agency 018,Bengaluru,Premier,3.9,2021-11-20,2026-09-17T07:56:51.424Z,propiq_gold_v1.0
BRK-0019,Propiq Synthetic Agency 019,Pune,Standard,3.6,2021-12-09,2026-09-17T07:56:51.424Z,propiq_gold_v1.0
BRK-0020,Propiq Synthetic Agency 020,Chennai,Verified,3.3,2021-12-28,2026-09-17T07:56:51.424Z,propiq_gold_v1.0
BRK-0021,Propiq Synthetic Agency 021,Hyderabad,Premier,3.0,2022-01-16,2026-09-17T07:56:51.424Z,propiq_gold_v1.0
BRK-0022,Propiq Synthetic Agency 022,Bengaluru,Standard,4.7,2022-02-04,2026-09-17T07:56:51.424Z,propiq_gold_v1.0
BRK-0023,Propiq Synthetic Agency 023,Pune,Verified,4.4,2022-02-23,2026-09-17T07:56:51.424Z,propiq_gold_v1.0
BRK-0024,Propiq Synthetic Agency 024,Chennai,Premier,4.1,2022-03-14,2026-09-17T07:56:51.424Z,propiq_gold_v1.0
BRK-0025,Propiq Synthetic Agency 025,Hyderabad,Standard,3.8,2022-04-02,2026-09-17T07:56:51.424Z,propiq_gold_v1.0
BRK-0026,Propiq Synthetic Agency 026,Bengaluru,Verified,3.5,2022-04-21,2026-09-17T07:56:51.424Z,propiq_gold_v1.0
BRK-0027,Propiq Synthetic Agency 027,Pune,Premier,3.2,2022-05-10,2026-09-17T07:56:51.424Z,propiq_gold_v1.0
BRK-0028,Propiq Synthetic Agency 028,Chennai,Standard,4.9,2022-05-29,2026-09-17T07:56:51.424Z,propiq_gold_v1.0
BRK-0029,Propiq Synthetic Agency 029,Hyderabad,Verified,4.6,2022-06-17,2026-09-17T07:56:51.424Z,propiq_gold_v1.0
BRK-0030,Propiq Synthetic Agency 030,Bengaluru,Premier,4.3,2022-07-06,2026-09-17T07:56:51.424Z,propiq_gold_v1.0
BRK-0031,Propiq Synthetic Agency 031,Pune,Standard,4.0,2022-07-25,2026-09-17T07:56:51.424Z,propiq_gold_v1.0
BRK-0032,Propiq Synthetic Agency 032,Chennai,Verified,3.7,2022-08-13,2026-09-17T07:56:51.424Z,propiq_gold_v1.0
BRK-0033,Propiq Synthetic Agency 033,Hyderabad,Premier,3.4,2022-09-01,2026-09-17T07:56:51.424Z,propiq_gold_v1.0
BRK-0034,Propiq Synthetic Agency 034,Bengaluru,Standard,3.1,2022-09-20,2026-09-17T07:56:51.424Z,propiq_gold_v1.0
BRK-0035,Propiq Synthetic Agency 035,Pune,Verified,4.8,2022-10-09,2026-09-17T07:56:51.424Z,propiq_gold_v1.0
BRK-0036,Propiq Synthetic Agency 036,Chennai,Premier,4.5,2022-10-28,2026-09-17T07:56:51.424Z,propiq_gold_v1.0
BRK-0037,Propiq Synthetic Agency 037,Hyderabad,Standard,4.2,2022-11-16,2026-09-17T07:56:51.424Z,propiq_gold_v1.0
BRK-0038,Propiq Synthetic Agency 038,Bengaluru,Verified,3.9,2022-12-05,2026-09-17T07:56:51.424Z,propiq_gold_v1.0
BRK-0039,Propiq Synthetic Agency 039,Pune,Premier,3.6,2022-12-24,2026-09-17T07:56:51.424Z,propiq_gold_v1.0
BRK-0040,Propiq Synthetic Agency 040,Chennai,Standard,3.3,2023-01-12,2026-09-17T07:56:51.424Z,propiq_gold_v1.0
BRK-0041,Propiq Synthetic Agency 041,Hyderabad,Verified,3.0,2023-01-31,2026-09-17T07:56:51.424Z,propiq_gold_v1.0
BRK-0042,Propiq Synthetic Agency 042,Bengaluru,Premier,4.7,2023-02-19,2026-09-17T07:56:51.424Z,propiq_gold_v1.0
BRK-0043,Propiq Synthetic Agency 043,Pune,Standard,4.4,2023-03-10,2026-09-17T07:56:51.424Z,propiq_gold_v1.0
BRK-0044,Propiq Synthetic Agency 044,Chennai,Verified,4.1,2023-03-29,2026-09-17T07:56:51.424Z,propiq_gold_v1.0
BRK-0045,Propiq Synthetic Agency 045,Hyderabad,Premier,3.8,2023-04-17,2026-09-17T07:56:51.424Z,propiq_gold_v1.0
BRK-0046,Propiq Synthetic Agency 046,Bengaluru,Standard,3.5,2023-05-06,2026-09-17T07:56:51.424Z,propiq_gold_v1.0
BRK-0047,Propiq Synthetic Agency 047,Pune,Verified,3.2,2023-05-25,2026-09-17T07:56:51.424Z,propiq_gold_v1.0
BRK-0048,Propiq Synthetic Agency 048,Chennai,Premier,4.9,2023-06-13,2026-09-17T07:56:51.424Z,propiq_gold_v1.0
BRK-0049,Propiq Synthetic Agency 049,Hyderabad,Standard,4.6,2023-07-02,2026-09-17T07:56:51.424Z,propiq_gold_v1.0
BRK-0050,Propiq Synthetic Agency 050,Bengaluru,Verified,4.3,2023-07-21,2026-09-17T07:56:51.424Z,propiq_gold_v1.0
BRK-0051,Propiq Synthetic Agency 051,Pune,Premier,4.0,2023-08-09,2026-09-17T07:56:51.424Z,propiq_gold_v1.0
BRK-0052,Propiq Synthetic Agency 052,Chennai,Standard,3.7,2023-08-28,2026-09-17T07:56:51.424Z,propiq_gold_v1.0
BRK-0053,Propiq Synthetic Agency 053,Hyderabad,Verified,3.4,2023-09-16,2026-09-17T07:56:51.424Z,propiq_gold_v1.0
BRK-0054,Propiq Synthetic Agency 054,Bengaluru,Premier,3.1,2023-10-05,2026-09-17T07:56:51.424Z,propiq_gold_v1.0
BRK-0055,Propiq Synthetic Agency 055,Pune,Standard,4.8,2023-10-24,2026-09-17T07:56:51.424Z,propiq_gold_v1.0
BRK-0056,Propiq Synthetic Agency 056,Chennai,Verified,4.5,2023-11-12,2026-09-17T07:56:51.424Z,propiq_gold_v1.0
BRK-0057,Propiq Synthetic Agency 057,Hyderabad,Premier,4.2,2023-12-01,2026-09-17T07:56:51.424Z,propiq_gold_v1.0
BRK-0058,Propiq Synthetic Agency 058,Bengaluru,Standard,3.9,2023-12-20,2026-09-17T07:56:51.424Z,propiq_gold_v1.0
BRK-0059,Propiq Synthetic Agency 059,Pune,Verified,3.6,2024-01-08,2026-09-17T07:56:51.424Z,propiq_gold_v1.0
BRK-0060,Propiq Synthetic Agency 060,Chennai,Premier,3.3,2024-01-27,2026-09-17T07:56:51.424Z,propiq_gold_v1.0
BRK-0061,Propiq Synthetic Agency 061,Hyderabad,Standard,3.0,2024-02-15,2026-09-17T07:56:51.424Z,propiq_gold_v1.0
BRK-0062,Propiq Synthetic Agency 062,Bengaluru,Verified,4.7,2024-03-05,2026-09-17T07:56:51.424Z,propiq_gold_v1.0
BRK-0063,Propiq Synthetic Agency 063,Pune,Premier,4.4,2024-03-24,2026-09-17T07:56:51.424Z,propiq_gold_v1.0
BRK-0064,Propiq Synthetic Agency 064,Chennai,Standard,4.1,2024-04-12,2026-09-17T07:56:51.424Z,propiq_gold_v1.0
BRK-0065,Propiq Synthetic Agency 065,Hyderabad,Verified,3.8,2024-05-01,2026-09-17T07:56:51.424Z,propiq_gold_v1.0
BRK-0066,Propiq Synthetic Agency 066,Bengaluru,Premier,3.5,2024-05-20,2026-09-17T07:56:51.424Z,propiq_gold_v1.0
BRK-0067,Propiq Synthetic Agency 067,Pune,Standard,3.2,2024-06-08,2026-09-17T07:56:51.424Z,propiq_gold_v1.0
BRK-0068,Propiq Synthetic Agency 068,Chennai,Verified,4.9,2024-06-27,2026-09-17T07:56:51.424Z,propiq_gold_v1.0
BRK-0069,Propiq Synthetic Agency 069,Hyderabad,Premier,4.6,2024-07-16,2026-09-17T07:56:51.424Z,propiq_gold_v1.0
BRK-0070,Propiq Synthetic Agency 070,Bengaluru,Standard,4.3,2024-08-04,2026-09-17T07:56:51.424Z,propiq_gold_v1.0
BRK-0071,Propiq Synthetic Agency 071,Pune,Verified,4.0,2024-08-23,2026-09-17T07:56:51.424Z,propiq_gold_v1.0
BRK-0072,Propiq Synthetic Agency 072,Chennai,Premier,3.7,2024-09-11,2026-09-17T07:56:51.424Z,propiq_gold_v1.0
BRK-0073,Propiq Synthetic Agency 073,Hyderabad,Standard,3.4,2024-09-30,2026-09-17T07:56:51.424Z,propiq_gold_v1.0
BRK-0074,Propiq Synthetic Agency 074,Bengaluru,Verified,3.1,2024-10-19,2026-09-17T07:56:51.424Z,propiq_gold_v1.0
BRK-0075,Propiq Synthetic Agency 075,Pune,Premier,4.8,2024-11-07,2026-09-17T07:56:51.424Z,propiq_gold_v1.0
BRK-0076,Propiq Synthetic Agency 076,Chennai,Standard,4.5,2024-11-26,2026-09-17T07:56:51.424Z,propiq_gold_v1.0
BRK-0077,Propiq Synthetic Agency 077,Hyderabad,Verified,4.2,2024-12-15,2026-09-17T07:56:51.424Z,propiq_gold_v1.0
BRK-0078,Propiq Synthetic Agency 078,Bengaluru,Premier,3.9,2025-01-03,2026-09-17T07:56:51.424Z,propiq_gold_v1.0
BRK-0079,Propiq Synthetic Agency 079,Pune,Standard,3.6,2025-01-22,2026-09-17T07:56:51.424Z,propiq_gold_v1.0
BRK-0080,Propiq Synthetic Agency 080,Chennai,Verified,3.3,2021-01-02,2026-09-17T07:56:51.424Z,propiq_gold_v1.0
BRK-0081,Propiq Synthetic Agency 081,Hyderabad,Premier,3.0,2021-01-21,2026-09-17T07:56:51.424Z,propiq_gold_v1.0
BRK-0082,Propiq Synthetic Agency 082,Bengaluru,Standard,4.7,2021-02-09,2026-09-17T07:56:51.424Z,propiq_gold_v1.0
BRK-0083,Propiq Synthetic Agency 083,Pune,Verified,4.4,2021-02-28,2026-09-17T07:56:51.424Z,propiq_gold_v1.0
BRK-0084,Propiq Synthetic Agency 084,Chennai,Premier,4.1,2021-03-19,2026-09-17T07:56:51.424Z,propiq_gold_v1.0
BRK-0085,Propiq Synthetic Agency 085,Hyderabad,Standard,3.8,2021-04-07,2026-09-17T07:56:51.424Z,propiq_gold_v1.0
BRK-0086,Propiq Synthetic Agency 086,Bengaluru,Verified,3.5,2021-04-26,2026-09-17T07:56:51.424Z,propiq_gold_v1.0
BRK-0087,Propiq Synthetic Agency 087,Pune,Premier,3.2,2021-05-15,2026-09-17T07:56:51.424Z,propiq_gold_v1.0
BRK-0088,Propiq Synthetic Agency 088,Chennai,Standard,4.9,2021-06-03,2026-09-17T07:56:51.424Z,propiq_gold_v1.0
BRK-0089,Propiq Synthetic Agency 089,Hyderabad,Verified,4.6,2021-06-22,2026-09-17T07:56:51.424Z,propiq_gold_v1.0
BRK-0090,Propiq Synthetic Agency 090,Bengaluru,Premier,4.3,2021-07-11,2026-09-17T07:56:51.424Z,propiq_gold_v1.0
BRK-0091,Propiq Synthetic Agency 091,Pune,Standard,4.0,2021-07-30,2026-09-17T07:56:51.424Z,propiq_gold_v1.0
BRK-0092,Propiq Synthetic Agency 092,Chennai,Verified,3.7,2021-08-18,2026-09-17T07:56:51.424Z,propiq_gold_v1.0
BRK-0093,Propiq Synthetic Agency 093,Hyderabad,Premier,3.4,2021-09-06,2026-09-17T07:56:51.424Z,propiq_gold_v1.0
BRK-0094,Propiq Synthetic Agency 094,Bengaluru,Standard,3.1,2021-09-25,2026-09-17T07:56:51.424Z,propiq_gold_v1.0
BRK-0095,Propiq Synthetic Agency 095,Pune,Verified,4.8,2021-10-14,2026-09-17T07:56:51.424Z,propiq_gold_v1.0
BRK-0096,Propiq Synthetic Agency 096,Chennai,Premier,4.5,2021-11-02,2026-09-17T07:56:51.424Z,propiq_gold_v1.0
BRK-0097,Propiq Synthetic Agency 097,Hyderabad,Standard,4.2,2021-11-21,2026-09-17T07:56:51.424Z,propiq_gold_v1.0
BRK-0098,Propiq Synthetic Agency 098,Bengaluru,Verified,3.9,2021-12-10,2026-09-17T07:56:51.424Z,propiq_gold_v1.0
BRK-0099,Propiq Synthetic Agency 099,Pune,Premier,3.6,2021-12-29,2026-09-17T07:56:51.424Z,propiq_gold_v1.0
BRK-0100,Propiq Synthetic Agency 100,Chennai,Standard,3.3,2022-01-17,2026-09-17T07:56:51.424Z,propiq_gold_v1.0
BRK-0101,Propiq Synthetic Agency 101,Hyderabad,Verified,3.0,2022-02-05,2026-09-17T07:56:51.424Z,propiq_gold_v1.0
BRK-0102,Propiq Synthetic Agency 102,Bengaluru,Premier,4.7,2022-02-24,2026-09-17T07:56:51.424Z,propiq_gold_v1.0
BRK-0103,Propiq Synthetic Agency 103,Pune,Standard,4.4,2022-03-15,2026-09-17T07:56:51.424Z,propiq_gold_v1.0
BRK-0104,Propiq Synthetic Agency 104,Chennai,Verified,4.1,2022-04-03,2026-09-17T07:56:51.424Z,propiq_gold_v1.0
BRK-0105,Propiq Synthetic Agency 105,Hyderabad,Premier,3.8,2022-04-22,2026-09-17T07:56:51.424Z,propiq_gold_v1.0
BRK-0106,Propiq Synthetic Agency 106,Bengaluru,Standard,3.5,2022-05-11,2026-09-17T07:56:51.424Z,propiq_gold_v1.0
BRK-0107,Propiq Synthetic Agency 107,Pune,Verified,3.2,2022-05-30,2026-09-17T07:56:51.424Z,propiq_gold_v1.0
BRK-0108,Propiq Synthetic Agency 108,Chennai,Premier,4.9,2022-06-18,2026-09-17T07:56:51.424Z,propiq_gold_v1.0
BRK-0109,Propiq Synthetic Agency 109,Hyderabad,Standard,4.6,2022-07-07,2026-09-17T07:56:51.424Z,propiq_gold_v1.0
BRK-0110,Propiq Synthetic Agency 110,Bengaluru,Verified,4.3,2022-07-26,2026-09-17T07:56:51.424Z,propiq_gold_v1.0
BRK-0111,Propiq Synthetic Agency 111,Pune,Premier,4.0,2022-08-14,2026-09-17T07:56:51.424Z,propiq_gold_v1.0
BRK-0112,Propiq Synthetic Agency 112,Chennai,Standard,3.7,2022-09-02,2026-09-17T07:56:51.424Z,propiq_gold_v1.0
BRK-0113,Propiq Synthetic Agency 113,Hyderabad,Verified,3.4,2022-09-21,2026-09-17T07:56:51.424Z,propiq_gold_v1.0
BRK-0114,Propiq Synthetic Agency 114,Bengaluru,Premier,3.1,2022-10-10,2026-09-17T07:56:51.424Z,propiq_gold_v1.0
BRK-0115,Propiq Synthetic Agency 115,Pune,Standard,4.8,2022-10-29,2026-09-17T07:56:51.424Z,propiq_gold_v1.0
BRK-0116,Propiq Synthetic Agency 116,Chennai,Verified,4.5,2022-11-17,2026-09-17T07:56:51.424Z,propiq_gold_v1.0
BRK-0117,Propiq Synthetic Agency 117,Hyderabad,Premier,4.2,2022-12-06,2026-09-17T07:56:51.424Z,propiq_gold_v1.0
BRK-0118,Propiq Synthetic Agency 118,Bengaluru,Standard,3.9,2022-12-25,2026-09-17T07:56:51.424Z,propiq_gold_v1.0
BRK-0119,Propiq Synthetic Agency 119,Pune,Verified,3.6,2023-01-13,2026-09-17T07:56:51.424Z,propiq_gold_v1.0
BRK-0120,Propiq Synthetic Agency 120,Chennai,Premier,3.3,2023-02-01,2026-09-17T07:56:51.424Z,propiq_gold_v1.0
BRK-0121,Propiq Synthetic Agency 121,Hyderabad,Standard,3.0,2023-02-20,2026-09-17T07:56:51.424Z,propiq_gold_v1.0
BRK-0122,Propiq Synthetic Agency 122,Bengaluru,Verified,4.7,2023-03-11,2026-09-17T07:56:51.424Z,propiq_gold_v1.0
BRK-0123,Propiq Synthetic Agency 123,Pune,Premier,4.4,2023-03-30,2026-09-17T07:56:51.424Z,propiq_gold_v1.0
BRK-0124,Propiq Synthetic Agency 124,Chennai,Standard,4.1,2023-04-18,2026-09-17T07:56:51.424Z,propiq_gold_v1.0
BRK-0125,Propiq Synthetic Agency 125,Hyderabad,Verified,3.8,2023-05-07,2026-09-17T07:56:51.424Z,propiq_gold_v1.0
BRK-0126,Propiq Synthetic Agency 126,Bengaluru,Premier,3.5,2023-05-26,2026-09-17T07:56:51.424Z,propiq_gold_v1.0
BRK-0127,Propiq Synthetic Agency 127,Pune,Standard,3.2,2023-06-14,2026-09-17T07:56:51.424Z,propiq_gold_v1.0
BRK-0128,Propiq Synthetic Agency 128,Chennai,Verified,4.9,2023-07-03,2026-09-17T07:56:51.424Z,propiq_gold_v1.0
BRK-0129,Propiq Synthetic Agency 129,Hyderabad,Premier,4.6,2023-07-22,2026-09-17T07:56:51.424Z,propiq_gold_v1.0
BRK-0130,Propiq Synthetic Agency 130,Bengaluru,Standard,4.3,2023-08-10,2026-09-17T07:56:51.424Z,propiq_gold_v1.0
BRK-0131,Propiq Synthetic Agency 131,Pune,Verified,4.0,2023-08-29,2026-09-17T07:56:51.424Z,propiq_gold_v1.0
BRK-0132,Propiq Synthetic Agency 132,Chennai,Premier,3.7,2023-09-17,2026-09-17T07:56:51.424Z,propiq_gold_v1.0
BRK-0133,Propiq Synthetic Agency 133,Hyderabad,Standard,3.4,2023-10-06,2026-09-17T07:56:51.424Z,propiq_gold_v1.0
BRK-0134,Propiq Synthetic Agency 134,Bengaluru,Verified,3.1,2023-10-25,2026-09-17T07:56:51.424Z,propiq_gold_v1.0
BRK-0135,Propiq Synthetic Agency 135,Pune,Premier,4.8,2023-11-13,2026-09-17T07:56:51.424Z,propiq_gold_v1.0
BRK-0136,Propiq Synthetic Agency 136,Chennai,Standard,4.5,2023-12-02,2026-09-17T07:56:51.424Z,propiq_gold_v1.0
BRK-0137,Propiq Synthetic Agency 137,Hyderabad,Verified,4.2,2023-12-21,2026-09-17T07:56:51.424Z,propiq_gold_v1.0
BRK-0138,Propiq Synthetic Agency 138,Bengaluru,Premier,3.9,2024-01-09,2026-09-17T07:56:51.424Z,propiq_gold_v1.0
BRK-0139,Propiq Synthetic Agency 139,Pune,Standard,3.6,2024-01-28,2026-09-17T07:56:51.424Z,propiq_gold_v1.0
BRK-0140,Propiq Synthetic Agency 140,Chennai,Verified,3.3,2024-02-16,2026-09-17T07:56:51.424Z,propiq_gold_v1.0
BRK-0141,Propiq Synthetic Agency 141,Hyderabad,Premier,3.0,2024-03-06,2026-09-17T07:56:51.424Z,propiq_gold_v1.0
BRK-0142,Propiq Synthetic Agency 142,Bengaluru,Standard,4.7,2024-03-25,2026-09-17T07:56:51.424Z,propiq_gold_v1.0
BRK-0143,Propiq Synthetic Agency 143,Pune,Verified,4.4,2024-04-13,2026-09-17T07:56:51.424Z,propiq_gold_v1.0
BRK-0144,Propiq Synthetic Agency 144,Chennai,Premier,4.1,2024-05-02,2026-09-17T07:56:51.424Z,propiq_gold_v1.0
BRK-0145,Propiq Synthetic Agency 145,Hyderabad,Standard,3.8,2024-05-21,2026-09-17T07:56:51.424Z,propiq_gold_v1.0
BRK-0146,Propiq Synthetic Agency 146,Bengaluru,Verified,3.5,2024-06-09,2026-09-17T07:56:51.424Z,propiq_gold_v1.0
BRK-0147,Propiq Synthetic Agency 147,Pune,Premier,3.2,2024-06-28,2026-09-17T07:56:51.424Z,propiq_gold_v1.0
BRK-0148,Propiq Synthetic Agency 148,Chennai,Standard,4.9,2024-07-17,2026-09-17T07:56:51.424Z,propiq_gold_v1.0
BRK-0149,Propiq Synthetic Agency 149,Hyderabad,Verified,4.6,2024-08-05,2026-09-17T07:56:51.424Z,propiq_gold_v1.0
BRK-0150,Propiq Synthetic Agency 150,Bengaluru,Premier,4.3,2024-08-24,2026-09-17T07:56:51.424Z,propiq_gold_v1.0
BRK-0151,Propiq Synthetic Agency 151,Pune,Standard,4.0,2024-09-12,2026-09-17T07:56:51.424Z,propiq_gold_v1.0
BRK-0152,Propiq Synthetic Agency 152,Chennai,Verified,3.7,2024-10-01,2026-09-17T07:56:51.424Z,propiq_gold_v1.0
BRK-0153,Propiq Synthetic Agency 153,Hyderabad,Premier,3.4,2024-10-20,2026-09-17T07:56:51.424Z,propiq_gold_v1.0
BRK-0154,Propiq Synthetic Agency 154,Bengaluru,Standard,3.1,2024-11-08,2026-09-17T07:56:51.424Z,propiq_gold_v1.0
BRK-0155,Propiq Synthetic Agency 155,Pune,Verified,4.8,2024-11-27,2026-09-17T07:56:51.424Z,propiq_gold_v1.0
BRK-0156,Propiq Synthetic Agency 156,Chennai,Premier,4.5,2024-12-16,2026-09-17T07:56:51.424Z,propiq_gold_v1.0
BRK-0157,Propiq Synthetic Agency 157,Hyderabad,Standard,4.2,2025-01-04,2026-09-17T07:56:51.424Z,propiq_gold_v1.0
BRK-0158,Propiq Synthetic Agency 158,Bengaluru,Verified,3.9,2025-01-23,2026-09-17T07:56:51.424Z,propiq_gold_v1.0
BRK-0159,Propiq Synthetic Agency 159,Pune,Premier,3.6,2021-01-03,2026-09-17T07:56:51.424Z,propiq_gold_v1.0
BRK-0160,Propiq Synthetic Agency 160,Chennai,Standard,3.3,2021-01-22,2026-09-17T07:56:51.424Z,propiq_gold_v1.0
BRK-0161,Propiq Synthetic Agency 161,Hyderabad,Verified,3.0,2021-02-10,2026-09-17T07:56:51.424Z,propiq_gold_v1.0
BRK-0162,Propiq Synthetic Agency 162,Bengaluru,Premier,4.7,2021-03-01,2026-09-17T07:56:51.424Z,propiq_gold_v1.0
BRK-0163,Propiq Synthetic Agency 163,Pune,Standard,4.4,2021-03-20,2026-09-17T07:56:51.424Z,propiq_gold_v1.0
BRK-0164,Propiq Synthetic Agency 164,Chennai,Verified,4.1,2021-04-08,2026-09-17T07:56:51.424Z,propiq_gold_v1.0
BRK-0165,Propiq Synthetic Agency 165,Hyderabad,Premier,3.8,2021-04-27,2026-09-17T07:56:51.424Z,propiq_gold_v1.0
BRK-0166,Propiq Synthetic Agency 166,Bengaluru,Standard,3.5,2021-05-16,2026-09-17T07:56:51.424Z,propiq_gold_v1.0
BRK-0167,Propiq Synthetic Agency 167,Pune,Verified,3.2,2021-06-04,2026-09-17T07:56:51.424Z,propiq_gold_v1.0
BRK-0168,Propiq Synthetic Agency 168,Chennai,Premier,4.9,2021-06-23,2026-09-17T07:56:51.424Z,propiq_gold_v1.0
BRK-0169,Propiq Synthetic Agency 169,Hyderabad,Standard,4.6,2021-07-12,2026-09-17T07:56:51.424Z,propiq_gold_v1.0
BRK-0170,Propiq Synthetic Agency 170,Bengaluru,Verified,4.3,2021-07-31,2026-09-17T07:56:51.424Z,propiq_gold_v1.0
BRK-0171,Propiq Synthetic Agency 171,Pune,Premier,4.0,2021-08-19,2026-09-17T07:56:51.424Z,propiq_gold_v1.0
BRK-0172,Propiq Synthetic Agency 172,Chennai,Standard,3.7,2021-09-07,2026-09-17T07:56:51.424Z,propiq_gold_v1.0
BRK-0173,Propiq Synthetic Agency 173,Hyderabad,Verified,3.4,2021-09-26,2026-09-17T07:56:51.424Z,propiq_gold_v1.0
BRK-0174,Propiq Synthetic Agency 174,Bengaluru,Premier,3.1,2021-10-15,2026-09-17T07:56:51.424Z,propiq_gold_v1.0
BRK-0175,Propiq Synthetic Agency 175,Pune,Standard,4.8,2021-11-03,2026-09-17T07:56:51.424Z,propiq_gold_v1.0
BRK-0176,Propiq Synthetic Agency 176,Chennai,Verified,4.5,2021-11-22,2026-09-17T07:56:51.424Z,propiq_gold_v1.0
BRK-0177,Propiq Synthetic Agency 177,Hyderabad,Premier,4.2,2021-12-11,2026-09-17T07:56:51.424Z,propiq_gold_v1.0
BRK-0178,Propiq Synthetic Agency 178,Bengaluru,Standard,3.9,2021-12-30,2026-09-17T07:56:51.424Z,propiq_gold_v1.0
BRK-0179,Propiq Synthetic Agency 179,Pune,Verified,3.6,2022-01-18,2026-09-17T07:56:51.424Z,propiq_gold_v1.0
BRK-0180,Propiq Synthetic Agency 180,Chennai,Premier,3.3,2022-02-06,2026-09-17T07:56:51.424Z,propiq_gold_v1.0
BRK-0181,Propiq Synthetic Agency 181,Hyderabad,Standard,3.0,2022-02-25,2026-09-17T07:56:51.424Z,propiq_gold_v1.0
BRK-0182,Propiq Synthetic Agency 182,Bengaluru,Verified,4.7,2022-03-16,2026-09-17T07:56:51.424Z,propiq_gold_v1.0
BRK-0183,Propiq Synthetic Agency 183,Pune,Premier,4.4,2022-04-04,2026-09-17T07:56:51.424Z,propiq_gold_v1.0
BRK-0184,Propiq Synthetic Agency 184,Chennai,Standard,4.1,2022-04-23,2026-09-17T07:56:51.424Z,propiq_gold_v1.0
BRK-0185,Propiq Synthetic Agency 185,Hyderabad,Verified,3.8,2022-05-12,2026-09-17T07:56:51.424Z,propiq_gold_v1.0
BRK-0186,Propiq Synthetic Agency 186,Bengaluru,Premier,3.5,2022-05-31,2026-09-17T07:56:51.424Z,propiq_gold_v1.0
BRK-0187,Propiq Synthetic Agency 187,Pune,Standard,3.2,2022-06-19,2026-09-17T07:56:51.424Z,propiq_gold_v1.0
BRK-0188,Propiq Synthetic Agency 188,Chennai,Verified,4.9,2022-07-08,2026-09-17T07:56:51.424Z,propiq_gold_v1.0
BRK-0189,Propiq Synthetic Agency 189,Hyderabad,Premier,4.6,2022-07-27,2026-09-17T07:56:51.424Z,propiq_gold_v1.0
BRK-0190,Propiq Synthetic Agency 190,Bengaluru,Standard,4.3,2022-08-15,2026-09-17T07:56:51.424Z,propiq_gold_v1.0
BRK-0191,Propiq Synthetic Agency 191,Pune,Verified,4.0,2022-09-03,2026-09-17T07:56:51.424Z,propiq_gold_v1.0
BRK-0192,Propiq Synthetic Agency 192,Chennai,Premier,3.7,2022-09-22,2026-09-17T07:56:51.424Z,propiq_gold_v1.0
BRK-0193,Propiq Synthetic Agency 193,Hyderabad,Standard,3.4,2022-10-11,2026-09-17T07:56:51.424Z,propiq_gold_v1.0
BRK-0194,Propiq Synthetic Agency 194,Bengaluru,Verified,3.1,2022-10-30,2026-09-17T07:56:51.424Z,propiq_gold_v1.0
BRK-0195,Propiq Synthetic Agency 195,Pune,Premier,4.8,2022-11-18,2026-09-17T07:56:51.424Z,propiq_gold_v1.0
BRK-0196,Propiq Synthetic Agency 196,Chennai,Standard,4.5,2022-12-07,2026-09-17T07:56:51.424Z,propiq_gold_v1.0
BRK-0197,Propiq Synthetic Agency 197,Hyderabad,Verified,4.2,2022-12-26,2026-09-17T07:56:51.424Z,propiq_gold_v1.0
BRK-0198,Propiq Synthetic Agency 198,Bengaluru,Premier,3.9,2023-01-14,2026-09-17T07:56:51.424Z,propiq_gold_v1.0
BRK-0199,Propiq Synthetic Agency 199,Pune,Standard,3.6,2023-02-02,2026-09-17T07:56:51.424Z,propiq_gold_v1.0
BRK-0200,Propiq Synthetic Agency 200,Chennai,Verified,3.3,2023-02-21,2026-09-17T07:56:51.424Z,propiq_gold_v1.0
BRK-0201,Propiq Synthetic Agency 201,Hyderabad,Premier,3.0,2023-03-12,2026-09-17T07:56:51.424Z,propiq_gold_v1.0
BRK-0202,Propiq Synthetic Agency 202,Bengaluru,Standard,4.7,2023-03-31,2026-09-17T07:56:51.424Z,propiq_gold_v1.0
BRK-0203,Propiq Synthetic Agency 203,Pune,Verified,4.4,2023-04-19,2026-09-17T07:56:51.424Z,propiq_gold_v1.0
BRK-0204,Propiq Synthetic Agency 204,Chennai,Premier,4.1,2023-05-08,2026-09-17T07:56:51.424Z,propiq_gold_v1.0
BRK-0205,Propiq Synthetic Agency 205,Hyderabad,Standard,3.8,2023-05-27,2026-09-17T07:56:51.424Z,propiq_gold_v1.0
BRK-0206,Propiq Synthetic Agency 206,Bengaluru,Verified,3.5,2023-06-15,2026-09-17T07:56:51.424Z,propiq_gold_v1.0
BRK-0207,Propiq Synthetic Agency 207,Pune,Premier,3.2,2023-07-04,2026-09-17T07:56:51.424Z,propiq_gold_v1.0
BRK-0208,Propiq Synthetic Agency 208,Chennai,Standard,4.9,2023-07-23,2026-09-17T07:56:51.424Z,propiq_gold_v1.0
BRK-0209,Propiq Synthetic Agency 209,Hyderabad,Verified,4.6,2023-08-11,2026-09-17T07:56:51.424Z,propiq_gold_v1.0
BRK-0210,Propiq Synthetic Agency 210,Bengaluru,Premier,4.3,2023-08-30,2026-09-17T07:56:51.424Z,propiq_gold_v1.0
BRK-0211,Propiq Synthetic Agency 211,Pune,Standard,4.0,2023-09-18,2026-09-17T07:56:51.424Z,propiq_gold_v1.0
BRK-0212,Propiq Synthetic Agency 212,Chennai,Verified,3.7,2023-10-07,2026-09-17T07:56:51.424Z,propiq_gold_v1.0
BRK-0213,Propiq Synthetic Agency 213,Hyderabad,Premier,3.4,2023-10-26,2026-09-17T07:56:51.424Z,propiq_gold_v1.0
BRK-0214,Propiq Synthetic Agency 214,Bengaluru,Standard,3.1,2023-11-14,2026-09-17T07:56:51.424Z,propiq_gold_v1.0
BRK-0215,Propiq Synthetic Agency 215,Pune,Verified,4.8,2023-12-03,2026-09-17T07:56:51.424Z,propiq_gold_v1.0
BRK-0216,Propiq Synthetic Agency 216,Chennai,Premier,4.5,2023-12-22,2026-09-17T07:56:51.424Z,propiq_gold_v1.0
BRK-0217,Propiq Synthetic Agency 217,Hyderabad,Standard,4.2,2024-01-10,2026-09-17T07:56:51.424Z,propiq_gold_v1.0
BRK-0218,Propiq Synthetic Agency 218,Bengaluru,Verified,3.9,2024-01-29,2026-09-17T07:56:51.424Z,propiq_gold_v1.0
BRK-0219,Propiq Synthetic Agency 219,Pune,Premier,3.6,2024-02-17,2026-09-17T07:56:51.424Z,propiq_gold_v1.0
BRK-0220,Propiq Synthetic Agency 220,Chennai,Standard,3.3,2024-03-07,2026-09-17T07:56:51.424Z,propiq_gold_v1.0
BRK-0221,Propiq Synthetic Agency 221,Hyderabad,Verified,3.0,2024-03-26,2026-09-17T07:56:51.424Z,propiq_gold_v1.0
BRK-0222,Propiq Synthetic Agency 222,Bengaluru,Premier,4.7,2024-04-14,2026-09-17T07:56:51.424Z,propiq_gold_v1.0
BRK-0223,Propiq Synthetic Agency 223,Pune,Standard,4.4,2024-05-03,2026-09-17T07:56:51.424Z,propiq_gold_v1.0
BRK-0224,Propiq Synthetic Agency 224,Chennai,Verified,4.1,2024-05-22,2026-09-17T07:56:51.424Z,propiq_gold_v1.0
BRK-0225,Propiq Synthetic Agency 225,Hyderabad,Premier,3.8,2024-06-10,2026-09-17T07:56:51.424Z,propiq_gold_v1.0
BRK-0226,Propiq Synthetic Agency 226,Bengaluru,Standard,3.5,2024-06-29,2026-09-17T07:56:51.424Z,propiq_gold_v1.0
BRK-0227,Propiq Synthetic Agency 227,Pune,Verified,3.2,2024-07-18,2026-09-17T07:56:51.424Z,propiq_gold_v1.0
BRK-0228,Propiq Synthetic Agency 228,Chennai,Premier,4.9,2024-08-06,2026-09-17T07:56:51.424Z,propiq_gold_v1.0
BRK-0229,Propiq Synthetic Agency 229,Hyderabad,Standard,4.6,2024-08-25,2026-09-17T07:56:51.424Z,propiq_gold_v1.0
BRK-0230,Propiq Synthetic Agency 230,Bengaluru,Verified,4.3,2024-09-13,2026-09-17T07:56:51.424Z,propiq_gold_v1.0
BRK-0231,Propiq Synthetic Agency 231,Pune,Premier,4.0,2024-10-02,2026-09-17T07:56:51.424Z,propiq_gold_v1.0
BRK-0232,Propiq Synthetic Agency 232,Chennai,Standard,3.7,2024-10-21,2026-09-17T07:56:51.424Z,propiq_gold_v1.0
BRK-0233,Propiq Synthetic Agency 233,Hyderabad,Verified,3.4,2024-11-09,2026-09-17T07:56:51.424Z,propiq_gold_v1.0
BRK-0234,Propiq Synthetic Agency 234,Bengaluru,Premier,3.1,2024-11-28,2026-09-17T07:56:51.424Z,propiq_gold_v1.0
BRK-0235,Propiq Synthetic Agency 235,Pune,Standard,4.8,2024-12-17,2026-09-17T07:56:51.424Z,propiq_gold_v1.0
BRK-0236,Propiq Synthetic Agency 236,Chennai,Verified,4.5,2025-01-05,2026-09-17T07:56:51.424Z,propiq_gold_v1.0
BRK-0237,Propiq Synthetic Agency 237,Hyderabad,Premier,4.2,2025-01-24,2026-09-17T07:56:51.424Z,propiq_gold_v1.0
BRK-0238,Propiq Synthetic Agency 238,Bengaluru,Standard,3.9,2021-01-04,2026-09-17T07:56:51.424Z,propiq_gold_v1.0
BRK-0239,Propiq Synthetic Agency 239,Pune,Verified,3.6,2021-01-23,2026-09-17T07:56:51.424Z,propiq_gold_v1.0
BRK-0240,Propiq Synthetic Agency 240,Chennai,Premier,3.3,2021-02-11,2026-09-17T07:56:51.424Z,propiq_gold_v1.0
BRK-0241,Propiq Synthetic Agency 241,Hyderabad,Standard,3.0,2021-03-02,2026-09-17T07:56:51.424Z,propiq_gold_v1.0
BRK-0242,Propiq Synthetic Agency 242,Bengaluru,Verified,4.7,2021-03-21,2026-09-17T07:56:51.424Z,propiq_gold_v1.0
BRK-0243,Propiq Synthetic Agency 243,Pune,Premier,4.4,2021-04-09,2026-09-17T07:56:51.424Z,propiq_gold_v1.0
BRK-0244,Propiq Synthetic Agency 244,Chennai,Standard,4.1,2021-04-28,2026-09-17T07:56:51.424Z,propiq_gold_v1.0
BRK-0245,Propiq Synthetic Agency 245,Hyderabad,Verified,3.8,2021-05-17,2026-09-17T07:56:51.424Z,propiq_gold_v1.0
BRK-0246,Propiq Synthetic Agency 246,Bengaluru,Premier,3.5,2021-06-05,2026-09-17T07:56:51.424Z,propiq_gold_v1.0
BRK-0247,Propiq Synthetic Agency 247,Pune,Standard,3.2,2021-06-24,2026-09-17T07:56:51.424Z,propiq_gold_v1.0
BRK-0248,Propiq Synthetic Agency 248,Chennai,Verified,4.9,2021-07-13,2026-09-17T07:56:51.424Z,propiq_gold_v1.0
BRK-0249,Propiq Synthetic Agency 249,Hyderabad,Premier,4.6,2021-08-01,2026-09-17T07:56:51.424Z,propiq_gold_v1.0
BRK-0250,Propiq Synthetic Agency 250,Bengaluru,Standard,4.3,2021-08-20,2026-09-17T07:56:51.424Z,propiq_gold_v1.0
BRK-0251,Propiq Synthetic Agency 251,Pune,Verified,4.0,2021-09-08,2026-09-17T07:56:51.424Z,propiq_gold_v1.0
BRK-0252,Propiq Synthetic Agency 252,Chennai,Premier,3.7,2021-09-27,2026-09-17T07:56:51.424Z,propiq_gold_v1.0
BRK-0253,Propiq Synthetic Agency 253,Hyderabad,Standard,3.4,2021-10-16,2026-09-17T07:56:51.424Z,propiq_gold_v1.0
BRK-0254,Propiq Synthetic Agency 254,Bengaluru,Verified,3.1,2021-11-04,2026-09-17T07:56:51.424Z,propiq_gold_v1.0
BRK-0255,Propiq Synthetic Agency 255,Pune,Premier,4.8,2021-11-23,2026-09-17T07:56:51.424Z,propiq_gold_v1.0
BRK-0256,Propiq Synthetic Agency 256,Chennai,Standard,4.5,2021-12-12,2026-09-17T07:56:51.424Z,propiq_gold_v1.0
BRK-0257,Propiq Synthetic Agency 257,Hyderabad,Verified,4.2,2021-12-31,2026-09-17T07:56:51.424Z,propiq_gold_v1.0
BRK-0258,Propiq Synthetic Agency 258,Bengaluru,Premier,3.9,2022-01-19,2026-09-17T07:56:51.424Z,propiq_gold_v1.0
BRK-0259,Propiq Synthetic Agency 259,Pune,Standard,3.6,2022-02-07,2026-09-17T07:56:51.424Z,propiq_gold_v1.0
BRK-0260,Propiq Synthetic Agency 260,Chennai,Verified,3.3,2022-02-26,2026-09-17T07:56:51.424Z,propiq_gold_v1.0
BRK-0261,Propiq Synthetic Agency 261,Hyderabad,Premier,3.0,2022-03-17,2026-09-17T07:56:51.424Z,propiq_gold_v1.0
BRK-0262,Propiq Synthetic Agency 262,Bengaluru,Standard,4.7,2022-04-05,2026-09-17T07:56:51.424Z,propiq_gold_v1.0
BRK-0263,Propiq Synthetic Agency 263,Pune,Verified,4.4,2022-04-24,2026-09-17T07:56:51.424Z,propiq_gold_v1.0
BRK-0264,Propiq Synthetic Agency 264,Chennai,Premier,4.1,2022-05-13,2026-09-17T07:56:51.424Z,propiq_gold_v1.0
BRK-0265,Propiq Synthetic Agency 265,Hyderabad,Standard,3.8,2022-06-01,2026-09-17T07:56:51.424Z,propiq_gold_v1.0
BRK-0266,Propiq Synthetic Agency 266,Bengaluru,Verified,3.5,2022-06-20,2026-09-17T07:56:51.424Z,propiq_gold_v1.0
BRK-0267,Propiq Synthetic Agency 267,Pune,Premier,3.2,2022-07-09,2026-09-17T07:56:51.424Z,propiq_gold_v1.0
BRK-0268,Propiq Synthetic Agency 268,Chennai,Standard,4.9,2022-07-28,2026-09-17T07:56:51.424Z,propiq_gold_v1.0
BRK-0269,Propiq Synthetic Agency 269,Hyderabad,Verified,4.6,2022-08-16,2026-09-17T07:56:51.424Z,propiq_gold_v1.0
BRK-0270,Propiq Synthetic Agency 270,Bengaluru,Premier,4.3,2022-09-04,2026-09-17T07:56:51.424Z,propiq_gold_v1.0
BRK-0271,Propiq Synthetic Agency 271,Pune,Standard,4.0,2022-09-23,2026-09-17T07:56:51.424Z,propiq_gold_v1.0
BRK-0272,Propiq Synthetic Agency 272,Chennai,Verified,3.7,2022-10-12,2026-09-17T07:56:51.424Z,propiq_gold_v1.0
BRK-0273,Propiq Synthetic Agency 273,Hyderabad,Premier,3.4,2022-10-31,2026-09-17T07:56:51.424Z,propiq_gold_v1.0
BRK-0274,Propiq Synthetic Agency 274,Bengaluru,Standard,3.1,2022-11-19,2026-09-17T07:56:51.424Z,propiq_gold_v1.0
BRK-0275,Propiq Synthetic Agency 275,Pune,Verified,4.8,2022-12-08,2026-09-17T07:56:51.424Z,propiq_gold_v1.0
BRK-0276,Propiq Synthetic Agency 276,Chennai,Premier,4.5,2022-12-27,2026-09-17T07:56:51.424Z,propiq_gold_v1.0
BRK-0277,Propiq Synthetic Agency 277,Hyderabad,Standard,4.2,2023-01-15,2026-09-17T07:56:51.424Z,propiq_gold_v1.0
BRK-0278,Propiq Synthetic Agency 278,Bengaluru,Verified,3.9,2023-02-03,2026-09-17T07:56:51.424Z,propiq_gold_v1.0
BRK-0279,Propiq Synthetic Agency 279,Pune,Premier,3.6,2023-02-22,2026-09-17T07:56:51.424Z,propiq_gold_v1.0
BRK-0280,Propiq Synthetic Agency 280,Chennai,Standard,3.3,2023-03-13,2026-09-17T07:56:51.424Z,propiq_gold_v1.0
BRK-0281,Propiq Synthetic Agency 281,Hyderabad,Verified,3.0,2023-04-01,2026-09-17T07:56:51.424Z,propiq_gold_v1.0
BRK-0282,Propiq Synthetic Agency 282,Bengaluru,Premier,4.7,2023-04-20,2026-09-17T07:56:51.424Z,propiq_gold_v1.0
BRK-0283,Propiq Synthetic Agency 283,Pune,Standard,4.4,2023-05-09,2026-09-17T07:56:51.424Z,propiq_gold_v1.0
BRK-0284,Propiq Synthetic Agency 284,Chennai,Verified,4.1,2023-05-28,2026-09-17T07:56:51.424Z,propiq_gold_v1.0
BRK-0285,Propiq Synthetic Agency 285,Hyderabad,Premier,3.8,2023-06-16,2026-09-17T07:56:51.424Z,propiq_gold_v1.0
BRK-0286,Propiq Synthetic Agency 286,Bengaluru,Standard,3.5,2023-07-05,2026-09-17T07:56:51.424Z,propiq_gold_v1.0
BRK-0287,Propiq Synthetic Agency 287,Pune,Verified,3.2,2023-07-24,2026-09-17T07:56:51.424Z,propiq_gold_v1.0
BRK-0288,Propiq Synthetic Agency 288,Chennai,Premier,4.9,2023-08-12,2026-09-17T07:56:51.424Z,propiq_gold_v1.0
BRK-0289,Propiq Synthetic Agency 289,Hyderabad,Standard,4.6,2023-08-31,2026-09-17T07:56:51.424Z,propiq_gold_v1.0
BRK-0290,Propiq Synthetic Agency 290,Bengaluru,Verified,4.3,2023-09-19,2026-09-17T07:56:51.424Z,propiq_gold_v1.0
BRK-0291,Propiq Synthetic Agency 291,Pune,Premier,4.0,2023-10-08,2026-09-17T07:56:51.424Z,propiq_gold_v1.0
BRK-0292,Propiq Synthetic Agency 292,Chennai,Standard,3.7,2023-10-27,2026-09-17T07:56:51.424Z,propiq_gold_v1.0
BRK-0293,Propiq Synthetic Agency 293,Hyderabad,Verified,3.4,2023-11-15,2026-09-17T07:56:51.424Z,propiq_gold_v1.0
BRK-0294,Propiq Synthetic Agency 294,Bengaluru,Premier,3.1,2023-12-04,2026-09-17T07:56:51.424Z,propiq_gold_v1.0
BRK-0295,Propiq Synthetic Agency 295,Pune,Standard,4.8,2023-12-23,2026-09-17T07:56:51.424Z,propiq_gold_v1.0
BRK-0296,Propiq Synthetic Agency 296,Chennai,Verified,4.5,2024-01-11,2026-09-17T07:56:51.424Z,propiq_gold_v1.0
BRK-0297,Propiq Synthetic Agency 297,Hyderabad,Premier,4.2,2024-01-30,2026-09-17T07:56:51.424Z,propiq_gold_v1.0
BRK-0298,Propiq Synthetic Agency 298,Bengaluru,Standard,3.9,2024-02-18,2026-09-17T07:56:51.424Z,propiq_gold_v1.0
BRK-0299,Propiq Synthetic Agency 299,Pune,Verified,3.6,2024-03-08,2026-09-17T07:56:51.424Z,propiq_gold_v1.0
BRK-0300,Propiq Synthetic Agency 300,Chennai,Premier,3.3,2024-03-27,2026-09-17T07:56:51.424Z,propiq_gold_v1.0
BRK-0301,Propiq Synthetic Agency 301,Hyderabad,Standard,3.0,2024-04-15,2026-09-17T07:56:51.424Z,propiq_gold_v1.0
BRK-0302,Propiq Synthetic Agency 302,Bengaluru,Verified,4.7,2024-05-04,2026-09-17T07:56:51.424Z,propiq_gold_v1.0
BRK-0303,Propiq Synthetic Agency 303,Pune,Premier,4.4,2024-05-23,2026-09-17T07:56:51.424Z,propiq_gold_v1.0
BRK-0304,Propiq Synthetic Agency 304,Chennai,Standard,4.1,2024-06-11,2026-09-17T07:56:51.424Z,propiq_gold_v1.0
BRK-0305,Propiq Synthetic Agency 305,Hyderabad,Verified,3.8,2024-06-30,2026-09-17T07:56:51.424Z,propiq_gold_v1.0
BRK-0306,Propiq Synthetic Agency 306,Bengaluru,Premier,3.5,2024-07-19,2026-09-17T07:56:51.424Z,propiq_gold_v1.0
BRK-0307,Propiq Synthetic Agency 307,Pune,Standard,3.2,2024-08-07,2026-09-17T07:56:51.424Z,propiq_gold_v1.0
BRK-0308,Propiq Synthetic Agency 308,Chennai,Verified,4.9,2024-08-26,2026-09-17T07:56:51.424Z,propiq_gold_v1.0
BRK-0309,Propiq Synthetic Agency 309,Hyderabad,Premier,4.6,2024-09-14,2026-09-17T07:56:51.424Z,propiq_gold_v1.0
BRK-0310,Propiq Synthetic Agency 310,Bengaluru,Standard,4.3,2024-10-03,2026-09-17T07:56:51.424Z,propiq_gold_v1.0
BRK-0311,Propiq Synthetic Agency 311,Pune,Verified,4.0,2024-10-22,2026-09-17T07:56:51.424Z,propiq_gold_v1.0
BRK-0312,Propiq Synthetic Agency 312,Chennai,Premier,3.7,2024-11-10,2026-09-17T07:56:51.424Z,propiq_gold_v1.0
BRK-0313,Propiq Synthetic Agency 313,Hyderabad,Standard,3.4,2024-11-29,2026-09-17T07:56:51.424Z,propiq_gold_v1.0
BRK-0314,Propiq Synthetic Agency 314,Bengaluru,Verified,3.1,2024-12-18,2026-09-17T07:56:51.424Z,propiq_gold_v1.0
BRK-0315,Propiq Synthetic Agency 315,Pune,Premier,4.8,2025-01-06,2026-09-17T07:56:51.424Z,propiq_gold_v1.0
BRK-0316,Propiq Synthetic Agency 316,Chennai,Standard,4.5,2025-01-25,2026-09-17T07:56:51.424Z,propiq_gold_v1.0
BRK-0317,Propiq Synthetic Agency 317,Hyderabad,Verified,4.2,2021-01-05,2026-09-17T07:56:51.424Z,propiq_gold_v1.0
BRK-0318,Propiq Synthetic Agency 318,Bengaluru,Premier,3.9,2021-01-24,2026-09-17T07:56:51.424Z,propiq_gold_v1.0
BRK-0319,Propiq Synthetic Agency 319,Pune,Standard,3.6,2021-02-12,2026-09-17T07:56:51.424Z,propiq_gold_v1.0
BRK-0320,Propiq Synthetic Agency 320,Chennai,Verified,3.3,2021-03-03,2026-09-17T07:56:51.424Z,propiq_gold_v1.0
