broker_id,agency_name,broker_tier,total_listings,active_listings,median_listing_price,avg_days_on_market,_gold_created_at,_gold_schema_version
BRK-0315,Propiq Synthetic Agency 315,Premier,170,80,13920510,423.9,2026-09-17T08:19:36.395Z,propiq_gold_v1.0
BRK-0178,Propiq Synthetic Agency 178,Standard,155,75,12861792,443.8,2026-09-17T08:19:36.395Z,propiq_gold_v1.0
BRK-0128,Propiq Synthetic Agency 128,Verified,152,75,14307132,463.3,2026-09-17T08:19:36.395Z,propiq_gold_v1.0
BRK-0078,Propiq Synthetic Agency 078,Premier,157,81,13440304,466.9,2026-09-17T08:19:36.395Z,propiq_gold_v1.0
BRK-0251,Propiq Synthetic Agency 251,Verified,148,78,13579800,506.0,2026-09-17T08:19:36.395Z,propiq_gold_v1.0
BRK-0316,Propiq Synthetic Agency 316,Standard,142,79,14660672,484.0,2026-09-17T08:19:36.395Z,propiq_gold_v1.0
BRK-0263,Propiq Synthetic Agency 263,Verified,145,67,14360105,453.9,2026-09-17T08:19:36.395Z,propiq_gold_v1.0
BRK-0065,Propiq Synthetic Agency 065,Verified,168,85,14105042,466.5,2026-09-17T08:19:36.395Z,propiq_gold_v1.0
BRK-0232,Propiq Synthetic Agency 232,Standard,154,66,13898782,414.0,2026-09-17T08:19:36.395Z,propiq_gold_v1.0
BRK-0137,Propiq Synthetic Agency 137,Verified,139,63,14209524,438.9,2026-09-17T08:19:36.395Z,propiq_gold_v1.0
BRK-0155,Propiq Synthetic Agency 155,Verified,157,69,16407144,402.8,2026-09-17T08:19:36.395Z,propiq_gold_v1.0
BRK-0066,Propiq Synthetic Agency 066,Premier,144,72,12917905,476.5,2026-09-17T08:19:36.395Z,propiq_gold_v1.0
BRK-0012,Propiq Synthetic Agency 012,Premier,144,72,14248990,463.4,2026-09-17T08:19:36.395Z,propiq_gold_v1.0
BRK-0279,Propiq Synthetic Agency 279,Premier,139,69,12834774,443.5,2026-09-17T08:19:36.395Z,propiq_gold_v1.0
BRK-0122,Propiq Synthetic Agency 122,Verified,151,69,12916782,432.7,2026-09-17T08:19:36.395Z,propiq_gold_v1.0
BRK-0236,Propiq Synthetic Agency 236,Verified,150,84,15089184,474.1,2026-09-17T08:19:36.395Z,propiq_gold_v1.0
BRK-0068,Propiq Synthetic Agency 068,Verified,151,77,13293882,438.5,2026-09-17T08:19:36.395Z,propiq_gold_v1.0
BRK-0289,Propiq Synthetic Agency 289,Standard,164,76,13086752,441.3,2026-09-17T08:19:36.395Z,propiq_gold_v1.0
BRK-0202,Propiq Synthetic Agency 202,Standard,145,70,14019376,439.1,2026-09-17T08:19:36.395Z,propiq_gold_v1.0
BRK-0077,Propiq Synthetic Agency 077,Verified,147,77,14518734,488.9,2026-09-17T08:19:36.395Z,propiq_gold_v1.0
BRK-0291,Propiq Synthetic Agency 291,Premier,167,79,14940156,462.3,2026-09-17T08:19:36.395Z,propiq_gold_v1.0
BRK-0049,Propiq Synthetic Agency 049,Standard,161,77,15300276,438.6,2026-09-17T08:19:36.395Z,propiq_gold_v1.0
BRK-0092,Propiq Synthetic Agency 092,Verified,149,71,15556934,460.6,2026-09-17T08:19:36.395Z,propiq_gold_v1.0
BRK-0074,Propiq Synthetic Agency 074,Verified,164,87,13234871,449.1,2026-09-17T08:19:36.395Z,propiq_gold_v1.0
BRK-0087,Propiq Synthetic Agency 087,Premier,149,60,14427270,424.8,2026-09-17T08:19:36.395Z,propiq_gold_v1.0
BRK-0286,Propiq Synthetic Agency 286,Standard,170,84,13368236,455.9,2026-09-17T08:19:36.395Z,propiq_gold_v1.0
BRK-0020,Propiq Synthetic Agency 020,Verified,148,60,13976100,434.5,2026-09-17T08:19:36.395Z,propiq_gold_v1.0
BRK-0145,Propiq Synthetic Agency 145,Standard,170,75,14907648,470.9,2026-09-17T08:19:36.395Z,propiq_gold_v1.0
BRK-0203,Propiq Synthetic Agency 203,Verified,145,68,15017480,453.7,2026-09-17T08:19:36.395Z,propiq_gold_v1.0
BRK-0110,Propiq Synthetic Agency 110,Verified,151,74,13397392,450.9,2026-09-17T08:19:36.395Z,propiq_gold_v1.0
BRK-0175,Propiq Synthetic Agency 175,Standard,156,76,15914825,427.3,2026-09-17T08:19:36.395Z,propiq_gold_v1.0
BRK-0109,Propiq Synthetic Agency 109,Standard,154,86,13699803,443.1,2026-09-17T08:19:36.395Z,propiq_gold_v1.0
BRK-0186,Propiq Synthetic Agency 186,Premier,155,79,15559960,481.6,2026-09-17T08:19:36.395Z,propiq_gold_v1.0
BRK-0050,Propiq Synthetic Agency 050,Verified,135,66,13384155,419.3,2026-09-17T08:19:36.395Z,propiq_gold_v1.0
BRK-0268,Propiq Synthetic Agency 268,Standard,160,83,14367738,464.7,2026-09-17T08:19:36.395Z,propiq_gold_v1.0
BRK-0041,Propiq Synthetic Agency 041,Verified,149,82,15825150,400.0,2026-09-17T08:19:36.395Z,propiq_gold_v1.0
BRK-0319,Propiq Synthetic Agency 319,Standard,147,75,13629925,479.3,2026-09-17T08:19:36.395Z,propiq_gold_v1.0
BRK-0070,Propiq Synthetic Agency 070,Standard,130,53,14294995,429.5,2026-09-17T08:19:36.395Z,propiq_gold_v1.0
BRK-0036,Propiq Synthetic Agency 036,Premier,154,79,15031023,456.8,2026-09-17T08:19:36.395Z,propiq_gold_v1.0
BRK-0318,Propiq Synthetic Agency 318,Premier,147,73,15090764,462.2,2026-09-17T08:19:36.395Z,propiq_gold_v1.0
BRK-0188,Propiq Synthetic Agency 188,Verified,152,71,14009458,473.8,2026-09-17T08:19:36.395Z,propiq_gold_v1.0
BRK-0161,Propiq Synthetic Agency 161,Verified,167,77,13387098,435.5,2026-09-17T08:19:36.395Z,propiq_gold_v1.0
BRK-0269,Propiq Synthetic Agency 269,Verified,155,63,15724948,421.4,2026-09-17T08:19:36.395Z,propiq_gold_v1.0
BRK-0189,Propiq Synthetic Agency 189,Premier,161,63,14642100,426.8,2026-09-17T08:19:36.395Z,propiq_gold_v1.0
BRK-0185,Propiq Synthetic Agency 185,Verified,149,67,15894277,448.4,2026-09-17T08:19:36.395Z,propiq_gold_v1.0
BRK-0311,Propiq Synthetic Agency 311,Verified,163,83,14013321,477.1,2026-09-17T08:19:36.395Z,propiq_gold_v1.0
BRK-0017,Propiq Synthetic Agency 017,Verified,165,80,13199316,445.6,2026-09-17T08:19:36.395Z,propiq_gold_v1.0
BRK-0025,Propiq Synthetic Agency 025,Standard,137,56,16135302,420.3,2026-09-17T08:19:36.395Z,propiq_gold_v1.0
BRK-0014,Propiq Synthetic Agency 014,Verified,160,70,12377120,446.6,2026-09-17T08:19:36.395Z,propiq_gold_v1.0
BRK-0060,Propiq Synthetic Agency 060,Premier,154,69,15132062,459.2,2026-09-17T08:19:36.395Z,propiq_gold_v1.0
BRK-0287,Propiq Synthetic Agency 287,Verified,159,81,14058032,472.2,2026-09-17T08:19:36.395Z,propiq_gold_v1.0
BRK-0172,Propiq Synthetic Agency 172,Standard,162,76,14632800,429.7,2026-09-17T08:19:36.395Z,propiq_gold_v1.0
BRK-0019,Propiq Synthetic Agency 019,Standard,160,82,15340112,445.3,2026-09-17T08:19:36.395Z,propiq_gold_v1.0
BRK-0266,Propiq Synthetic Agency 266,Verified,162,80,14072336,459.4,2026-09-17T08:19:36.395Z,propiq_gold_v1.0
BRK-0102,Propiq Synthetic Agency 102,Premier,149,75,13918716,448.1,2026-09-17T08:19:36.395Z,propiq_gold_v1.0
BRK-0302,Propiq Synthetic Agency 302,Verified,153,74,13527776,433.5,2026-09-17T08:19:36.395Z,propiq_gold_v1.0
BRK-0229,Propiq Synthetic Agency 229,Standard,151,72,13626180,415.9,2026-09-17T08:19:36.395Z,propiq_gold_v1.0
BRK-0015,Propiq Synthetic Agency 015,Premier,127,49,11938938,441.4,2026-09-17T08:19:36.395Z,propiq_gold_v1.0
BRK-0255,Propiq Synthetic Agency 255,Premier,169,69,13945248,418.3,2026-09-17T08:19:36.395Z,propiq_gold_v1.0
BRK-0166,Propiq Synthetic Agency 166,Standard,151,70,13199747,419.1,2026-09-17T08:19:36.395Z,propiq_gold_v1.0
BRK-0250,Propiq Synthetic Agency 250,Standard,147,66,13447451,439.2,2026-09-17T08:19:36.395Z,propiq_gold_v1.0
BRK-0297,Propiq Synthetic Agency 297,Premier,150,64,14675630,464.8,2026-09-17T08:19:36.395Z,propiq_gold_v1.0
BRK-0249,Propiq Synthetic Agency 249,Premier,160,76,14025623,439.6,2026-09-17T08:19:36.395Z,propiq_gold_v1.0
BRK-0045,Propiq Synthetic Agency 045,Premier,179,81,17520804,424.0,2026-09-17T08:19:36.395Z,propiq_gold_v1.0
BRK-0008,Propiq Synthetic Agency 008,Verified,145,69,14056038,457.1,2026-09-17T08:19:36.395Z,propiq_gold_v1.0
BRK-0241,Propiq Synthetic Agency 241,Standard,143,67,14288976,433.1,2026-09-17T08:19:36.395Z,propiq_gold_v1.0
BRK-0046,Propiq Synthetic Agency 046,Standard,146,70,13981530,456.2,2026-09-17T08:19:36.395Z,propiq_gold_v1.0
BRK-0089,Propiq Synthetic Agency 089,Verified,137,60,11905520,428.1,2026-09-17T08:19:36.395Z,propiq_gold_v1.0
BRK-0248,Propiq Synthetic Agency 248,Verified,164,82,15595358,441.8,2026-09-17T08:19:36.395Z,propiq_gold_v1.0
BRK-0131,Propiq Synthetic Agency 131,Verified,123,60,13129746,454.3,2026-09-17T08:19:36.395Z,propiq_gold_v1.0
BRK-0079,Propiq Synthetic Agency 079,Standard,175,83,13354236,451.7,2026-09-17T08:19:36.395Z,propiq_gold_v1.0
BRK-0164,Propiq Synthetic Agency 164,Verified,151,77,14281431,498.7,2026-09-17T08:19:36.395Z,propiq_gold_v1.0
BRK-0013,Propiq Synthetic Agency 013,Standard,182,99,13492224,455.5,2026-09-17T08:19:36.395Z,propiq_gold_v1.0
BRK-0193,Propiq Synthetic Agency 193,Standard,157,64,14016348,418.2,2026-09-17T08:19:36.395Z,propiq_gold_v1.0
BRK-0142,Propiq Synthetic Agency 142,Standard,139,60,13997984,457.0,2026-09-17T08:19:36.395Z,propiq_gold_v1.0
BRK-0233,Propiq Synthetic Agency 233,Verified,156,79,13156913,478.0,2026-09-17T08:19:36.395Z,propiq_gold_v1.0
BRK-0094,Propiq Synthetic Agency 094,Standard,139,71,13565084,429.4,2026-09-17T08:19:36.395Z,propiq_gold_v1.0
BRK-0084,Propiq Synthetic Agency 084,Premier,155,62,13683724,413.5,2026-09-17T08:19:36.395Z,propiq_gold_v1.0
BRK-0207,Propiq Synthetic Agency 207,Premier,146,69,14804790,404.1,2026-09-17T08:19:36.395Z,propiq_gold_v1.0
BRK-0039,Propiq Synthetic Agency 039,Premier,137,67,13759290,458.0,2026-09-17T08:19:36.395Z,propiq_gold_v1.0
BRK-0127,Propiq Synthetic Agency 127,Standard,164,81,14404151,434.2,2026-09-17T08:19:36.395Z,propiq_gold_v1.0
BRK-0002,Propiq Synthetic Agency 002,Verified,144,51,14058974,439.9,2026-09-17T08:19:36.395Z,propiq_gold_v1.0
BRK-0111,Propiq Synthetic Agency 111,Premier,155,78,16060200,443.1,2026-09-17T08:19:36.395Z,propiq_gold_v1.0
BRK-0006,Propiq Synthetic Agency 006,Premier,159,76,13402528,450.7,2026-09-17T08:19:36.395Z,propiq_gold_v1.0
BRK-0059,Propiq Synthetic Agency 059,Verified,156,75,15165480,421.7,2026-09-17T08:19:36.395Z,propiq_gold_v1.0
BRK-0052,Propiq Synthetic Agency 052,Standard,159,88,15388664,496.9,2026-09-17T08:19:36.395Z,propiq_gold_v1.0
BRK-0273,Propiq Synthetic Agency 273,Premier,152,64,14867440,386.5,2026-09-17T08:19:36.395Z,propiq_gold_v1.0
BRK-0212,Propiq Synthetic Agency 212,Verified,162,79,13822754,469.9,2026-09-17T08:19:36.395Z,propiq_gold_v1.0
BRK-0124,Propiq Synthetic Agency 124,Standard,151,80,15687138,456.7,2026-09-17T08:19:36.395Z,propiq_gold_v1.0
BRK-0029,Propiq Synthetic Agency 029,Verified,149,69,13634544,440.4,2026-09-17T08:19:36.395Z,propiq_gold_v1.0
BRK-0312,Propiq Synthetic Agency 312,Premier,136,66,15062850,464.6,2026-09-17T08:19:36.395Z,propiq_gold_v1.0
BRK-0181,Propiq Synthetic Agency 181,Standard,155,72,14122320,433.7,2026-09-17T08:19:36.395Z,propiq_gold_v1.0
BRK-0213,Propiq Synthetic Agency 213,Premier,167,78,13630680,438.5,2026-09-17T08:19:36.395Z,propiq_gold_v1.0
BRK-0259,Propiq Synthetic Agency 259,Standard,190,88,14673140,461.9,2026-09-17T08:19:36.395Z,propiq_gold_v1.0
BRK-0301,Propiq Synthetic Agency 301,Standard,152,79,13393999,474.5,2026-09-17T08:19:36.395Z,propiq_gold_v1.0
BRK-0320,Propiq Synthetic Agency 320,Verified,158,76,15628464,462.2,2026-09-17T08:19:36.395Z,propiq_gold_v1.0
BRK-0069,Propiq Synthetic Agency 069,Premier,147,76,14336640,436.5,2026-09-17T08:19:36.395Z,propiq_gold_v1.0
BRK-0183,Propiq Synthetic Agency 183,Premier,153,65,13867140,426.8,2026-09-17T08:19:36.395Z,propiq_gold_v1.0
BRK-0280,Propiq Synthetic Agency 280,Standard,140,77,14494565,497.6,2026-09-17T08:19:36.395Z,propiq_gold_v1.0
BRK-0146,Propiq Synthetic Agency 146,Verified,161,75,12828200,431.5,2026-09-17T08:19:36.395Z,propiq_gold_v1.0
BRK-0281,Propiq Synthetic Agency 281,Verified,165,82,14163552,444.3,2026-09-17T08:19:36.395Z,propiq_gold_v1.0
BRK-0168,Propiq Synthetic Agency 168,Premier,160,83,15261750,429.5,2026-09-17T08:19:36.395Z,propiq_gold_v1.0
BRK-0062,Propiq Synthetic Agency 062,Verified,143,68,15158648,469.0,2026-09-17T08:19:36.395Z,propiq_gold_v1.0
BRK-0119,Propiq Synthetic Agency 119,Verified,147,76,15037080,449.9,2026-09-17T08:19:36.395Z,propiq_gold_v1.0
BRK-0265,Propiq Synthetic Agency 265,Standard,148,68,13945712,479.1,2026-09-17T08:19:36.395Z,propiq_gold_v1.0
BRK-0051,Propiq Synthetic Agency 051,Premier,140,77,15537618,478.3,2026-09-17T08:19:36.395Z,propiq_gold_v1.0
BRK-0027,Propiq Synthetic Agency 027,Premier,150,76,15012000,458.4,2026-09-17T08:19:36.395Z,propiq_gold_v1.0
BRK-0028,Propiq Synthetic Agency 028,Standard,134,68,15513108,465.5,2026-09-17T08:19:36.395Z,propiq_gold_v1.0
BRK-0055,Propiq Synthetic Agency 055,Standard,157,76,14155205,471.2,2026-09-17T08:19:36.395Z,propiq_gold_v1.0
BRK-0210,Propiq Synthetic Agency 210,Premier,156,85,14206422,471.9,2026-09-17T08:19:36.395Z,propiq_gold_v1.0
BRK-0298,Propiq Synthetic Agency 298,Standard,144,74,12529213,477.1,2026-09-17T08:19:36.395Z,propiq_gold_v1.0
BRK-0116,Propiq Synthetic Agency 116,Verified,134,72,14159040,462.6,2026-09-17T08:19:36.395Z,propiq_gold_v1.0
BRK-0057,Propiq Synthetic Agency 057,Premier,148,73,13208880,461.8,2026-09-17T08:19:36.395Z,propiq_gold_v1.0
BRK-0220,Propiq Synthetic Agency 220,Standard,173,67,14437950,409.9,2026-09-17T08:19:36.395Z,propiq_gold_v1.0
BRK-0198,Propiq Synthetic Agency 198,Premier,175,80,14640960,466.4,2026-09-17T08:19:36.395Z,propiq_gold_v1.0
BRK-0270,Propiq Synthetic Agency 270,Premier,137,63,13730975,461.6,2026-09-17T08:19:36.395Z,propiq_gold_v1.0
BRK-0258,Propiq Synthetic Agency 258,Premier,152,70,14080591,477.0,2026-09-17T08:19:36.395Z,propiq_gold_v1.0
BRK-0179,Propiq Synthetic Agency 179,Verified,163,81,14827772,449.2,2026-09-17T08:19:36.395Z,propiq_gold_v1.0
BRK-0123,Propiq Synthetic Agency 123,Premier,162,69,15183211,468.3,2026-09-17T08:19:36.395Z,propiq_gold_v1.0
BRK-0200,Propiq Synthetic Agency 200,Verified,148,65,16466919,450.9,2026-09-17T08:19:36.395Z,propiq_gold_v1.0
BRK-0167,Propiq Synthetic Agency 167,Verified,154,78,14440695,476.9,2026-09-17T08:19:36.395Z,propiq_gold_v1.0
BRK-0174,Propiq Synthetic Agency 174,Premier,155,75,16310112,415.5,2026-09-17T08:19:36.395Z,propiq_gold_v1.0
BRK-0199,Propiq Synthetic Agency 199,Standard,165,79,14477358,419.7,2026-09-17T08:19:36.395Z,propiq_gold_v1.0
BRK-0304,Propiq Synthetic Agency 304,Standard,152,68,12652325,456.1,2026-09-17T08:19:36.395Z,propiq_gold_v1.0
BRK-0099,Propiq Synthetic Agency 099,Premier,155,67,15140342,403.2,2026-09-17T08:19:36.395Z,propiq_gold_v1.0
BRK-0274,Propiq Synthetic Agency 274,Standard,139,74,15748005,465.5,2026-09-17T08:19:36.395Z,propiq_gold_v1.0
BRK-0044,Propiq Synthetic Agency 044,Verified,164,80,13077458,454.5,2026-09-17T08:19:36.395Z,propiq_gold_v1.0
BRK-0104,Propiq Synthetic Agency 104,Verified,155,76,12625591,422.6,2026-09-17T08:19:36.395Z,propiq_gold_v1.0
BRK-0101,Propiq Synthetic Agency 101,Verified,149,82,14506040,479.4,2026-09-17T08:19:36.395Z,propiq_gold_v1.0
BRK-0147,Propiq Synthetic Agency 147,Premier,161,75,13714541,428.5,2026-09-17T08:19:36.395Z,propiq_gold_v1.0
BRK-0307,Propiq Synthetic Agency 307,Standard,154,71,14863410,473.4,2026-09-17T08:19:36.395Z,propiq_gold_v1.0
BRK-0283,Propiq Synthetic Agency 283,Standard,171,91,15137480,468.1,2026-09-17T08:19:36.395Z,propiq_gold_v1.0
BRK-0105,Propiq Synthetic Agency 105,Premier,150,81,13978548,425.6,2026-09-17T08:19:36.395Z,propiq_gold_v1.0
BRK-0140,Propiq Synthetic Agency 140,Verified,159,92,15098040,453.8,2026-09-17T08:19:36.395Z,propiq_gold_v1.0
BRK-0184,Propiq Synthetic Agency 184,Standard,137,70,14882970,410.6,2026-09-17T08:19:36.395Z,propiq_gold_v1.0
BRK-0038,Propiq Synthetic Agency 038,Verified,171,87,13844164,476.5,2026-09-17T08:19:36.395Z,propiq_gold_v1.0
BRK-0113,Propiq Synthetic Agency 113,Verified,152,67,12024808,379.8,2026-09-17T08:19:36.395Z,propiq_gold_v1.0
BRK-0082,Propiq Synthetic Agency 082,Standard,171,93,14151358,471.9,2026-09-17T08:19:36.395Z,propiq_gold_v1.0
BRK-0157,Propiq Synthetic Agency 157,Standard,143,66,14415071,437.3,2026-09-17T08:19:36.395Z,propiq_gold_v1.0
BRK-0160,Propiq Synthetic Agency 160,Standard,144,70,14395395,433.7,2026-09-17T08:19:36.395Z,propiq_gold_v1.0
BRK-0100,Propiq Synthetic Agency 100,Standard,144,71,14099060,451.2,2026-09-17T08:19:36.395Z,propiq_gold_v1.0
BRK-0264,Propiq Synthetic Agency 264,Premier,161,86,15315696,449.9,2026-09-17T08:19:36.395Z,propiq_gold_v1.0
BRK-0148,Propiq Synthetic Agency 148,Standard,176,88,12310459,462.6,2026-09-17T08:19:36.395Z,propiq_gold_v1.0
BRK-0126,Propiq Synthetic Agency 126,Premier,149,71,13473626,436.7,2026-09-17T08:19:36.395Z,propiq_gold_v1.0
BRK-0043,Propiq Synthetic Agency 043,Standard,152,72,14784330,427.4,2026-09-17T08:19:36.395Z,propiq_gold_v1.0
BRK-0171,Propiq Synthetic Agency 171,Premier,134,58,15819219,408.9,2026-09-17T08:19:36.395Z,propiq_gold_v1.0
BRK-0300,Propiq Synthetic Agency 300,Premier,159,73,14526600,449.1,2026-09-17T08:19:36.395Z,propiq_gold_v1.0
BRK-0196,Propiq Synthetic Agency 196,Standard,154,76,13307568,413.5,2026-09-17T08:19:36.395Z,propiq_gold_v1.0
BRK-0278,Propiq Synthetic Agency 278,Verified,131,78,15148441,478.9,2026-09-17T08:19:36.395Z,propiq_gold_v1.0
BRK-0026,Propiq Synthetic Agency 026,Verified,135,66,16642935,497.4,2026-09-17T08:19:36.395Z,propiq_gold_v1.0
BRK-0218,Propiq Synthetic Agency 218,Verified,166,86,16046940,434.6,2026-09-17T08:19:36.395Z,propiq_gold_v1.0
BRK-0023,Propiq Synthetic Agency 023,Verified,128,49,12762588,403.3,2026-09-17T08:19:36.395Z,propiq_gold_v1.0
BRK-0121,Propiq Synthetic Agency 121,Standard,164,77,13746228,448.3,2026-09-17T08:19:36.395Z,propiq_gold_v1.0
BRK-0003,Propiq Synthetic Agency 003,Premier,157,75,13425104,432.3,2026-09-17T08:19:36.395Z,propiq_gold_v1.0
BRK-0163,Propiq Synthetic Agency 163,Standard,155,72,15400650,446.0,2026-09-17T08:19:36.395Z,propiq_gold_v1.0
BRK-0103,Propiq Synthetic Agency 103,Standard,138,66,14707856,456.9,2026-09-17T08:19:36.395Z,propiq_gold_v1.0
BRK-0208,Propiq Synthetic Agency 208,Standard,168,77,15894606,456.3,2026-09-17T08:19:36.395Z,propiq_gold_v1.0
BRK-0016,Propiq Synthetic Agency 016,Standard,154,80,14420100,441.6,2026-09-17T08:19:36.395Z,propiq_gold_v1.0
BRK-0130,Propiq Synthetic Agency 130,Standard,146,71,13704084,457.6,2026-09-17T08:19:36.395Z,propiq_gold_v1.0
BRK-0245,Propiq Synthetic Agency 245,Verified,182,75,14286678,404.2,2026-09-17T08:19:36.395Z,propiq_gold_v1.0
BRK-0293,Propiq Synthetic Agency 293,Verified,162,87,12978630,463.7,2026-09-17T08:19:36.395Z,propiq_gold_v1.0
BRK-0299,Propiq Synthetic Agency 299,Verified,159,79,14408774,464.0,2026-09-17T08:19:36.395Z,propiq_gold_v1.0
BRK-0219,Propiq Synthetic Agency 219,Premier,152,82,15898434,455.2,2026-09-17T08:19:36.395Z,propiq_gold_v1.0
BRK-0040,Propiq Synthetic Agency 040,Standard,122,55,12984280,437.5,2026-09-17T08:19:36.395Z,propiq_gold_v1.0
BRK-0224,Propiq Synthetic Agency 224,Verified,147,78,16345518,470.6,2026-09-17T08:19:36.395Z,propiq_gold_v1.0
BRK-0206,Propiq Synthetic Agency 206,Verified,179,87,15329272,471.4,2026-09-17T08:19:36.395Z,propiq_gold_v1.0
BRK-0162,Propiq Synthetic Agency 162,Premier,136,65,14627144,487.8,2026-09-17T08:19:36.395Z,propiq_gold_v1.0
BRK-0067,Propiq Synthetic Agency 067,Standard,163,72,13541680,450.9,2026-09-17T08:19:36.395Z,propiq_gold_v1.0
BRK-0294,Propiq Synthetic Agency 294,Premier,157,65,15810456,416.5,2026-09-17T08:19:36.395Z,propiq_gold_v1.0
BRK-0031,Propiq Synthetic Agency 031,Standard,159,89,13357128,479.7,2026-09-17T08:19:36.395Z,propiq_gold_v1.0
BRK-0309,Propiq Synthetic Agency 309,Premier,145,70,14568528,442.4,2026-09-17T08:19:36.395Z,propiq_gold_v1.0
BRK-0192,Propiq Synthetic Agency 192,Premier,153,81,14831696,511.7,2026-09-17T08:19:36.395Z,propiq_gold_v1.0
BRK-0132,Propiq Synthetic Agency 132,Premier,134,71,16533504,470.3,2026-09-17T08:19:36.395Z,propiq_gold_v1.0
BRK-0083,Propiq Synthetic Agency 083,Verified,158,72,13968316,436.2,2026-09-17T08:19:36.395Z,propiq_gold_v1.0
BRK-0004,Propiq Synthetic Agency 004,Standard,151,76,14447506,463.8,2026-09-17T08:19:36.395Z,propiq_gold_v1.0
BRK-0243,Propiq Synthetic Agency 243,Premier,151,75,15386809,457.8,2026-09-17T08:19:36.395Z,propiq_gold_v1.0
BRK-0091,Propiq Synthetic Agency 091,Standard,157,77,13280332,414.5,2026-09-17T08:19:36.395Z,propiq_gold_v1.0
BRK-0095,Propiq Synthetic Agency 095,Verified,161,58,14844066,381.7,2026-09-17T08:19:36.395Z,propiq_gold_v1.0
BRK-0107,Propiq Synthetic Agency 107,Verified,140,67,15312583,435.2,2026-09-17T08:19:36.395Z,propiq_gold_v1.0
BRK-0305,Propiq Synthetic Agency 305,Verified,143,74,14859581,437.4,2026-09-17T08:19:36.395Z,propiq_gold_v1.0
BRK-0141,Propiq Synthetic Agency 141,Premier,163,77,14159160,450.1,2026-09-17T08:19:36.395Z,propiq_gold_v1.0
BRK-0253,Propiq Synthetic Agency 253,Standard,163,71,14322810,442.8,2026-09-17T08:19:36.395Z,propiq_gold_v1.0
BRK-0090,Propiq Synthetic Agency 090,Premier,165,78,14349062,418.1,2026-09-17T08:19:36.395Z,propiq_gold_v1.0
BRK-0205,Propiq Synthetic Agency 205,Standard,161,77,14967085,457.1,2026-09-17T08:19:36.395Z,propiq_gold_v1.0
BRK-0005,Propiq Synthetic Agency 005,Verified,134,65,12516751,450.1,2026-09-17T08:19:36.395Z,propiq_gold_v1.0
BRK-0085,Propiq Synthetic Agency 085,Standard,166,87,13150564,435.5,2026-09-17T08:19:36.395Z,propiq_gold_v1.0
BRK-0260,Propiq Synthetic Agency 260,Verified,174,73,15916642,447.0,2026-09-17T08:19:36.395Z,propiq_gold_v1.0
BRK-0276,Propiq Synthetic Agency 276,Premier,135,63,13112990,466.2,2026-09-17T08:19:36.395Z,propiq_gold_v1.0
BRK-0024,Propiq Synthetic Agency 024,Premier,136,67,13253094,448.0,2026-09-17T08:19:36.395Z,propiq_gold_v1.0
BRK-0310,Propiq Synthetic Agency 310,Standard,151,69,13722250,439.7,2026-09-17T08:19:36.395Z,propiq_gold_v1.0
BRK-0037,Propiq Synthetic Agency 037,Standard,157,71,15257394,459.1,2026-09-17T08:19:36.395Z,propiq_gold_v1.0
BRK-0234,Propiq Synthetic Agency 234,Premier,138,64,13924044,480.4,2026-09-17T08:19:36.395Z,propiq_gold_v1.0
BRK-0194,Propiq Synthetic Agency 194,Verified,144,73,13499400,455.8,2026-09-17T08:19:36.395Z,propiq_gold_v1.0
BRK-0177,Propiq Synthetic Agency 177,Premier,148,77,14306468,469.2,2026-09-17T08:19:36.395Z,propiq_gold_v1.0
BRK-0262,Propiq Synthetic Agency 262,Standard,137,62,13841469,458.9,2026-09-17T08:19:36.395Z,propiq_gold_v1.0
BRK-0272,Propiq Synthetic Agency 272,Verified,174,71,14760984,465.6,2026-09-17T08:19:36.395Z,propiq_gold_v1.0
BRK-0165,Propiq Synthetic Agency 165,Premier,165,86,12549960,475.1,2026-09-17T08:19:36.395Z,propiq_gold_v1.0
BRK-0064,Propiq Synthetic Agency 064,Standard,162,72,15262039,428.4,2026-09-17T08:19:36.395Z,propiq_gold_v1.0
BRK-0143,Propiq Synthetic Agency 143,Verified,141,61,15948504,459.3,2026-09-17T08:19:36.395Z,propiq_gold_v1.0
BRK-0211,Propiq Synthetic Agency 211,Standard,144,75,12231649,473.3,2026-09-17T08:19:36.395Z,propiq_gold_v1.0
BRK-0072,Propiq Synthetic Agency 072,Premier,126,60,15047604,424.9,2026-09-17T08:19:36.395Z,propiq_gold_v1.0
BRK-0106,Propiq Synthetic Agency 106,Standard,155,74,15157380,419.2,2026-09-17T08:19:36.395Z,propiq_gold_v1.0
BRK-0226,Propiq Synthetic Agency 226,Standard,164,80,13546218,433.6,2026-09-17T08:19:36.395Z,propiq_gold_v1.0
BRK-0159,Propiq Synthetic Agency 159,Premier,182,95,12934348,467.0,2026-09-17T08:19:36.395Z,propiq_gold_v1.0
BRK-0007,Propiq Synthetic Agency 007,Standard,149,67,14169033,437.8,2026-09-17T08:19:36.395Z,propiq_gold_v1.0
BRK-0076,Propiq Synthetic Agency 076,Standard,143,67,12652384,466.9,2026-09-17T08:19:36.395Z,propiq_gold_v1.0
BRK-0230,Propiq Synthetic Agency 230,Verified,163,76,14700339,487.7,2026-09-17T08:19:36.395Z,propiq_gold_v1.0
BRK-0242,Propiq Synthetic Agency 242,Verified,174,85,14040299,468.2,2026-09-17T08:19:36.395Z,propiq_gold_v1.0
BRK-0086,Propiq Synthetic Agency 086,Verified,137,58,14592120,417.2,2026-09-17T08:19:36.395Z,propiq_gold_v1.0
BRK-0018,Propiq Synthetic Agency 018,Premier,145,72,13760333,510.8,2026-09-17T08:19:36.395Z,propiq_gold_v1.0
BRK-0231,Propiq Synthetic Agency 231,Premier,154,68,12718720,466.7,2026-09-17T08:19:36.395Z,propiq_gold_v1.0
BRK-0191,Propiq Synthetic Agency 191,Verified,179,88,12822350,436.9,2026-09-17T08:19:36.395Z,propiq_gold_v1.0
BRK-0244,Propiq Synthetic Agency 244,Standard,152,70,15243480,437.0,2026-09-17T08:19:36.395Z,propiq_gold_v1.0
BRK-0204,Propiq Synthetic Agency 204,Premier,193,79,13863855,421.1,2026-09-17T08:19:36.395Z,propiq_gold_v1.0
BRK-0034,Propiq Synthetic Agency 034,Standard,152,60,13868532,465.2,2026-09-17T08:19:36.395Z,propiq_gold_v1.0
BRK-0290,Propiq Synthetic Agency 290,Verified,151,73,14224704,476.9,2026-09-17T08:19:36.395Z,propiq_gold_v1.0
BRK-0118,Propiq Synthetic Agency 118,Standard,154,77,14747419,443.9,2026-09-17T08:19:36.395Z,propiq_gold_v1.0
BRK-0317,Propiq Synthetic Agency 317,Verified,174,89,12929672,471.1,2026-09-17T08:19:36.395Z,propiq_gold_v1.0
BRK-0238,Propiq Synthetic Agency 238,Standard,145,63,15337060,478.7,2026-09-17T08:19:36.395Z,propiq_gold_v1.0
BRK-0303,Propiq Synthetic Agency 303,Premier,152,81,14630273,472.8,2026-09-17T08:19:36.395Z,propiq_gold_v1.0
BRK-0133,Propiq Synthetic Agency 133,Standard,145,64,16164720,471.4,2026-09-17T08:19:36.395Z,propiq_gold_v1.0
BRK-0292,Propiq Synthetic Agency 292,Standard,161,72,14281482,413.6,2026-09-17T08:19:36.395Z,propiq_gold_v1.0
BRK-0042,Propiq Synthetic Agency 042,Premier,164,84,14846995,473.5,2026-09-17T08:19:36.395Z,propiq_gold_v1.0
BRK-0139,Propiq Synthetic Agency 139,Standard,167,71,16303976,448.2,2026-09-17T08:19:36.395Z,propiq_gold_v1.0
BRK-0288,Propiq Synthetic Agency 288,Premier,142,66,15037056,463.1,2026-09-17T08:19:36.395Z,propiq_gold_v1.0
BRK-0170,Propiq Synthetic Agency 170,Verified,172,81,16499587,462.1,2026-09-17T08:19:36.395Z,propiq_gold_v1.0
BRK-0176,Propiq Synthetic Agency 176,Verified,142,63,12917908,448.3,2026-09-17T08:19:36.395Z,propiq_gold_v1.0
BRK-0296,Propiq Synthetic Agency 296,Verified,168,74,14005943,404.7,2026-09-17T08:19:36.395Z,propiq_gold_v1.0
BRK-0156,Propiq Synthetic Agency 156,Premier,139,69,14035896,448.9,2026-09-17T08:19:36.395Z,propiq_gold_v1.0
BRK-0215,Propiq Synthetic Agency 215,Verified,144,62,13980120,456.0,2026-09-17T08:19:36.395Z,propiq_gold_v1.0
BRK-0254,Propiq Synthetic Agency 254,Verified,167,74,12829288,461.0,2026-09-17T08:19:36.395Z,propiq_gold_v1.0
BRK-0225,Propiq Synthetic Agency 225,Premier,148,73,15862093,438.3,2026-09-17T08:19:36.395Z,propiq_gold_v1.0
BRK-0135,Propiq Synthetic Agency 135,Premier,172,82,13891743,462.4,2026-09-17T08:19:36.395Z,propiq_gold_v1.0
BRK-0097,Propiq Synthetic Agency 097,Standard,155,78,14506911,466.2,2026-09-17T08:19:36.395Z,propiq_gold_v1.0
BRK-0154,Propiq Synthetic Agency 154,Standard,127,57,14119224,484.3,2026-09-17T08:19:36.395Z,propiq_gold_v1.0
BRK-0075,Propiq Synthetic Agency 075,Premier,167,68,15957003,432.6,2026-09-17T08:19:36.395Z,propiq_gold_v1.0
BRK-0217,Propiq Synthetic Agency 217,Standard,153,83,14777424,471.4,2026-09-17T08:19:36.395Z,propiq_gold_v1.0
BRK-0267,Propiq Synthetic Agency 267,Premier,163,94,16135350,470.8,2026-09-17T08:19:36.395Z,propiq_gold_v1.0
BRK-0256,Propiq Synthetic Agency 256,Standard,165,68,15045392,460.7,2026-09-17T08:19:36.395Z,propiq_gold_v1.0
BRK-0187,Propiq Synthetic Agency 187,Standard,158,78,14293282,445.7,2026-09-17T08:19:36.395Z,propiq_gold_v1.0
BRK-0306,Propiq Synthetic Agency 306,Premier,133,63,13407112,449.1,2026-09-17T08:19:36.395Z,propiq_gold_v1.0
BRK-0295,Propiq Synthetic Agency 295,Standard,151,64,13699719,437.5,2026-09-17T08:19:36.395Z,propiq_gold_v1.0
BRK-0308,Propiq Synthetic Agency 308,Verified,164,72,13618485,448.5,2026-09-17T08:19:36.395Z,propiq_gold_v1.0
BRK-0114,Propiq Synthetic Agency 114,Premier,144,70,14401980,472.9,2026-09-17T08:19:36.395Z,propiq_gold_v1.0
BRK-0271,Propiq Synthetic Agency 271,Standard,163,72,14398560,432.5,2026-09-17T08:19:36.395Z,propiq_gold_v1.0
BRK-0180,Propiq Synthetic Agency 180,Premier,150,66,15801640,460.0,2026-09-17T08:19:36.395Z,propiq_gold_v1.0
BRK-0032,Propiq Synthetic Agency 032,Verified,138,62,16846368,424.0,2026-09-17T08:19:36.395Z,propiq_gold_v1.0
BRK-0201,Propiq Synthetic Agency 201,Premier,148,63,14405910,423.4,2026-09-17T08:19:36.395Z,propiq_gold_v1.0
BRK-0240,Propiq Synthetic Agency 240,Premier,157,79,15258752,489.0,2026-09-17T08:19:36.395Z,propiq_gold_v1.0
BRK-0117,Propiq Synthetic Agency 117,Premier,162,80,13279860,433.6,2026-09-17T08:19:36.395Z,propiq_gold_v1.0
BRK-0080,Propiq Synthetic Agency 080,Verified,168,82,13480934,478.7,2026-09-17T08:19:36.395Z,propiq_gold_v1.0
BRK-0071,Propiq Synthetic Agency 071,Verified,174,97,12686049,457.4,2026-09-17T08:19:36.395Z,propiq_gold_v1.0
BRK-0216,Propiq Synthetic Agency 216,Premier,149,77,16374960,448.2,2026-09-17T08:19:36.395Z,propiq_gold_v1.0
BRK-0098,Propiq Synthetic Agency 098,Verified,168,82,16123349,443.8,2026-09-17T08:19:36.395Z,propiq_gold_v1.0
BRK-0061,Propiq Synthetic Agency 061,Standard,171,88,14253176,424.4,2026-09-17T08:19:36.395Z,propiq_gold_v1.0
BRK-0284,Propiq Synthetic Agency 284,Verified,174,83,14121114,454.8,2026-09-17T08:19:36.395Z,propiq_gold_v1.0
BRK-0081,Propiq Synthetic Agency 081,Premier,167,72,15903900,462.7,2026-09-17T08:19:36.395Z,propiq_gold_v1.0
BRK-0053,Propiq Synthetic Agency 053,Verified,145,67,14099896,422.4,2026-09-17T08:19:36.395Z,propiq_gold_v1.0
BRK-0313,Propiq Synthetic Agency 313,Standard,142,60,14316418,411.6,2026-09-17T08:19:36.395Z,propiq_gold_v1.0
BRK-0149,Propiq Synthetic Agency 149,Verified,144,81,15025839,453.4,2026-09-17T08:19:36.395Z,propiq_gold_v1.0
BRK-0257,Propiq Synthetic Agency 257,Verified,145,63,16519478,441.2,2026-09-17T08:19:36.395Z,propiq_gold_v1.0
BRK-0129,Propiq Synthetic Agency 129,Premier,152,63,15092688,442.9,2026-09-17T08:19:36.395Z,propiq_gold_v1.0
BRK-0247,Propiq Synthetic Agency 247,Standard,156,85,13939371,459.7,2026-09-17T08:19:36.395Z,propiq_gold_v1.0
BRK-0223,Propiq Synthetic Agency 223,Standard,130,56,14414400,401.4,2026-09-17T08:19:36.395Z,propiq_gold_v1.0
BRK-0035,Propiq Synthetic Agency 035,Verified,157,76,15010308,427.8,2026-09-17T08:19:36.395Z,propiq_gold_v1.0
BRK-0138,Propiq Synthetic Agency 138,Premier,136,67,14031341,486.8,2026-09-17T08:19:36.395Z,propiq_gold_v1.0
BRK-0073,Propiq Synthetic Agency 073,Standard,137,65,15707472,441.0,2026-09-17T08:19:36.395Z,propiq_gold_v1.0
BRK-0222,Propiq Synthetic Agency 222,Premier,147,78,16885566,447.3,2026-09-17T08:19:36.395Z,propiq_gold_v1.0
BRK-0063,Propiq Synthetic Agency 063,Premier,168,72,14457820,461.2,2026-09-17T08:19:36.395Z,propiq_gold_v1.0
BRK-0022,Propiq Synthetic Agency 022,Standard,157,68,14655088,415.5,2026-09-17T08:19:36.395Z,propiq_gold_v1.0
BRK-0125,Propiq Synthetic Agency 125,Verified,141,72,12650694,426.3,2026-09-17T08:19:36.395Z,propiq_gold_v1.0
BRK-0009,Propiq Synthetic Agency 009,Premier,149,57,15936760,410.9,2026-09-17T08:19:36.395Z,propiq_gold_v1.0
BRK-0033,Propiq Synthetic Agency 033,Premier,159,76,13141725,472.2,2026-09-17T08:19:36.395Z,propiq_gold_v1.0
BRK-0047,Propiq Synthetic Agency 047,Verified,142,69,16538368,439.0,2026-09-17T08:19:36.395Z,propiq_gold_v1.0
BRK-0054,Propiq Synthetic Agency 054,Premier,171,80,13607583,429.9,2026-09-17T08:19:36.395Z,propiq_gold_v1.0
BRK-0227,Propiq Synthetic Agency 227,Verified,162,77,12920722,464.1,2026-09-17T08:19:36.395Z,propiq_gold_v1.0
BRK-0134,Propiq Synthetic Agency 134,Verified,150,68,14954691,460.5,2026-09-17T08:19:36.395Z,propiq_gold_v1.0
BRK-0275,Propiq Synthetic Agency 275,Verified,149,67,13642024,444.9,2026-09-17T08:19:36.395Z,propiq_gold_v1.0
BRK-0112,Propiq Synthetic Agency 112,Standard,158,69,14674200,418.2,2026-09-17T08:19:36.395Z,propiq_gold_v1.0
BRK-0093,Propiq Synthetic Agency 093,Premier,180,93,14027035,424.0,2026-09-17T08:19:36.395Z,propiq_gold_v1.0
BRK-0115,Propiq Synthetic Agency 115,Standard,143,66,13582132,427.3,2026-09-17T08:19:36.395Z,propiq_gold_v1.0
BRK-0261,Propiq Synthetic Agency 261,Premier,153,73,13493678,423.8,2026-09-17T08:19:36.395Z,propiq_gold_v1.0
BRK-0010,Propiq Synthetic Agency 010,Standard,154,62,13996842,450.2,2026-09-17T08:19:36.395Z,propiq_gold_v1.0
BRK-0214,Propiq Synthetic Agency 214,Standard,147,70,14084156,468.9,2026-09-17T08:19:36.395Z,propiq_gold_v1.0
BRK-0001,Propiq Synthetic Agency 001,Standard,163,81,13592792,446.2,2026-09-17T08:19:36.395Z,propiq_gold_v1.0
BRK-0169,Propiq Synthetic Agency 169,Standard,149,61,13276896,433.0,2026-09-17T08:19:36.395Z,propiq_gold_v1.0
BRK-0246,Propiq Synthetic Agency 246,Premier,165,89,14772858,491.3,2026-09-17T08:19:36.395Z,propiq_gold_v1.0
BRK-0088,Propiq Synthetic Agency 088,Standard,130,64,15321040,439.6,2026-09-17T08:19:36.395Z,propiq_gold_v1.0
BRK-0239,Propiq Synthetic Agency 239,Verified,133,74,14119432,471.4,2026-09-17T08:19:36.395Z,propiq_gold_v1.0
BRK-0021,Propiq Synthetic Agency 021,Premier,147,76,14542804,465.6,2026-09-17T08:19:36.395Z,propiq_gold_v1.0
BRK-0120,Propiq Synthetic Agency 120,Premier,148,72,14154588,416.5,2026-09-17T08:19:36.395Z,propiq_gold_v1.0
BRK-0173,Propiq Synthetic Agency 173,Verified,151,78,13688634,445.3,2026-09-17T08:19:36.395Z,propiq_gold_v1.0
BRK-0058,Propiq Synthetic Agency 058,Standard,133,71,14479432,443.4,2026-09-17T08:19:36.395Z,propiq_gold_v1.0
BRK-0151,Propiq Synthetic Agency 151,Standard,153,79,14578037,432.1,2026-09-17T08:19:36.395Z,propiq_gold_v1.0
BRK-0108,Propiq Synthetic Agency 108,Premier,141,72,15293958,499.2,2026-09-17T08:19:36.395Z,propiq_gold_v1.0
BRK-0285,Propiq Synthetic Agency 285,Premier,146,75,14983004,487.2,2026-09-17T08:19:36.395Z,propiq_gold_v1.0
BRK-0152,Propiq Synthetic Agency 152,Verified,139,66,13487542,421.7,2026-09-17T08:19:36.395Z,propiq_gold_v1.0
BRK-0228,Propiq Synthetic Agency 228,Premier,159,74,13955165,462.5,2026-09-17T08:19:36.395Z,propiq_gold_v1.0
BRK-0237,Propiq Synthetic Agency 237,Premier,159,81,13139160,445.1,2026-09-17T08:19:36.395Z,propiq_gold_v1.0
BRK-0282,Propiq Synthetic Agency 282,Premier,154,69,14521890,402.7,2026-09-17T08:19:36.395Z,propiq_gold_v1.0
BRK-0252,Propiq Synthetic Agency 252,Premier,149,71,14145984,462.1,2026-09-17T08:19:36.395Z,propiq_gold_v1.0
BRK-0314,Propiq Synthetic Agency 314,Verified,150,61,14808885,441.1,2026-09-17T08:19:36.395Z,propiq_gold_v1.0
BRK-0182,Propiq Synthetic Agency 182,Verified,140,64,14486704,412.1,2026-09-17T08:19:36.395Z,propiq_gold_v1.0
BRK-0144,Propiq Synthetic Agency 144,Premier,162,79,15079365,499.1,2026-09-17T08:19:36.395Z,propiq_gold_v1.0
BRK-0158,Propiq Synthetic Agency 158,Verified,142,65,12758880,422.0,2026-09-17T08:19:36.395Z,propiq_gold_v1.0
BRK-0277,Propiq Synthetic Agency 277,Standard,175,83,14139216,473.0,2026-09-17T08:19:36.395Z,propiq_gold_v1.0
BRK-0030,Propiq Synthetic Agency 030,Premier,145,69,15252768,442.2,2026-09-17T08:19:36.395Z,propiq_gold_v1.0
BRK-0190,Propiq Synthetic Agency 190,Standard,145,65,15886632,428.7,2026-09-17T08:19:36.395Z,propiq_gold_v1.0
BRK-0195,Propiq Synthetic Agency 195,Premier,136,69,15437787,458.5,2026-09-17T08:19:36.395Z,propiq_gold_v1.0
BRK-0056,Propiq Synthetic Agency 056,Verified,141,64,13871628,450.8,2026-09-17T08:19:36.395Z,propiq_gold_v1.0
BRK-0209,Propiq Synthetic Agency 209,Verified,177,75,15862698,406.7,2026-09-17T08:19:36.395Z,propiq_gold_v1.0
BRK-0136,Propiq Synthetic Agency 136,Standard,156,70,13837075,468.9,2026-09-17T08:19:36.395Z,propiq_gold_v1.0
BRK-0235,Propiq Synthetic Agency 235,Standard,167,79,12904640,469.1,2026-09-17T08:19:36.395Z,propiq_gold_v1.0
BRK-0096,Propiq Synthetic Agency 096,Premier,150,71,14191535,435.5,2026-09-17T08:19:36.395Z,propiq_gold_v1.0
BRK-0221,Propiq Synthetic Agency 221,Verified,159,79,14145462,464.6,2026-09-17T08:19:36.395Z,propiq_gold_v1.0
BRK-0048,Propiq Synthetic Agency 048,Premier,136,62,11703560,448.4,2026-09-17T08:19:36.395Z,propiq_gold_v1.0
BRK-0150,Propiq Synthetic Agency 150,Premier,148,69,15997024,443.7,2026-09-17T08:19:36.395Z,propiq_gold_v1.0
BRK-0011,Propiq Synthetic Agency 011,Verified,148,67,14580808,435.6,2026-09-17T08:19:36.395Z,propiq_gold_v1.0
BRK-0153,Propiq Synthetic Agency 153,Premier,141,58,13662547,479.7,2026-09-17T08:19:36.395Z,propiq_gold_v1.0
BRK-0197,Propiq Synthetic Agency 197,Verified,138,71,14093820,445.4,2026-09-17T08:19:36.395Z,propiq_gold_v1.0
